model_name,knowledge,retrieval,reasoning,summary
model_1,1.0789812,2.044696,1.356981,0.6225278
model_2,0.49748272,0.5192173,1.4059972,0.7384261
model_3,1.8972459,3.5914333,2.7727273,1.3085355
model_4,0.74810725,1.2979964,1.3561924,0.6161028
model_5,-0.5334668,-0.70917845,0.09932089,-0.13419941
model_6,1.7016053,3.349557,2.0660293,1.1934415
model_7,1.1217251,1.5847257,1.6943177,0.8417177
model_8,-0.06464235,-0.04416582,0.6010968,0.21691228
model_9,0.7111929,1.0800793,1.234937,0.43920875
model_10,0.31636685,0.56928885,0.8647536,0.3172922
model_11,-0.4776426,-0.7299218,-0.0031002462,-0.31814796
model_12,-0.4012993,-0.46156222,0.22858879,-0.34511203
