id,pred
1,A
2,B
3,C
4,B
5,C
6,A
7,D
8,B
9,D
10,B
11,B
12,A
13,B
14,D
15,A
16,C
17,D
18,C
19,D
20,D
21,C
22,D
23,D
24,B
25,D
26,B
27,D
28,B
29,C
30,A
31,D
32,C
33,D
34,B
35,A
36,A
37,D
38,D
39,B
40,A
41,B
42,C
43,B
44,D
45,A
46,C
47,D
48,C
49,D
50,B
51,D
52,B
53,D
54,A
55,A
56,D
57,B
58,B
59,D
60,B
61,C
62,D
63,D
64,B
65,C
66,B
67,A
68,A
69,C
70,C
71,B
72,B
73,B
74,C
75,A
76,C
77,D
78,B
79,A
80,C
81,D
82,D
83,B
84,B
85,B
86,D
87,B
88,A
89,A
90,B
91,D
92,C
93,A
94,D
95,A
96,A
97,D
98,A
99,D
100,D
101,D
102,B
103,D
104,B
105,C
106,B
107,B
108,B
109,D
110,C
111,D
112,D
113,D
114,B
115,D
116,C
117,D
118,B
119,D
120,B
121,B
122,D
123,C
124,B
125,D
126,C
127,D
128,B
129,B
130,B
131,A
132,B
133,B
134,D
135,C
136,C
137,D
138,D
139,C
140,D
141,B
142,B
143,B
144,B
145,B
146,D
147,A
148,D
149,B
150,D
151,D
152,B
153,A
154,C
155,C
156,C
157,B
158,D
159,C
160,D
161,D
162,A
163,C
164,B
165,A
166,D
167,C
168,D
169,D
170,A
171,B
172,D
173,D
174,B
175,A
176,D
177,B
178,A
179,C
180,C
181,A
182,D
183,B
184,D
185,D
186,D
187,C
188,B
189,C
190,B
191,D
192,C
193,D
194,C
195,B
196,C
197,B
198,D
199,D
200,D
201,B
202,B
203,A
204,D
205,D
206,B
207,C
208,B
209,D
210,D
211,C
212,A
213,D
214,B
215,B
216,D
217,B
218,C
219,D
220,B
221,B
222,A
223,A
224,B
225,D
226,B
227,D
228,D
229,C
230,C
231,D
232,C
233,B
234,A
235,B
236,D
237,D
238,D
239,B
240,B
241,B
242,B
243,C
244,C
245,D
246,B
247,D
248,B
249,A
250,D
251,A
252,B
253,D
254,B
255,A
256,D
257,B
258,D
259,D
260,B
261,C
262,D
263,C
264,C
265,D
266,D
267,C
268,B
269,B
270,B
271,B
272,D
273,D
274,D
275,D
276,C
277,C
278,B
279,B
280,B
281,B
282,B
283,D
284,B
285,B
286,B
287,A
288,D
289,D
290,D
291,B
292,D
293,C
294,C
295,A
296,B
297,C
298,C
299,D
300,B
301,B
302,B
303,B
304,D
305,B
306,A
307,B
308,A
309,A
310,C
311,C
312,A
313,D
314,B
315,D
316,B
317,D
318,B
319,B
320,D
321,D
322,C
323,A
324,B
325,D
326,D
327,D
328,C
329,D
330,D
331,B
332,B
333,D
334,D
335,A
336,D
337,C
338,B
339,B
340,D
341,B
342,B
343,A
344,C
345,D
346,A
347,D
348,D
349,A
350,B
351,C
352,B
353,A
354,D
355,B
356,C
357,B
358,D
359,C
360,C
361,D
362,B
363,B
364,B
365,C
366,A
367,D
368,A
369,C
370,D
371,C
372,D
373,B
374,B
375,B
376,D
377,D
378,D
379,C
380,D
381,B
382,A
383,B
384,B
385,D
386,B
387,C
388,D
389,D
390,D
391,B
392,C
393,C
394,B
395,B
396,D
397,B
398,D
399,D
400,C
401,D
402,C
403,B
404,B
405,D
406,C
407,D
408,B
409,B
410,D
411,B
412,D
413,D
414,D
415,A
416,C
417,D
418,D
419,D
420,B
421,A
422,B
423,C
424,C
425,D
426,D
427,D
428,D
429,D
430,B
431,B
432,B
433,B
434,D
435,A
436,D
437,C
438,B
439,B
440,B
441,D
442,A
443,B
444,D
445,D
446,D
447,B
448,D
449,C
450,C
451,D
452,D
453,C
454,C
455,D
456,A
457,D
458,A
459,C
460,D
461,C
462,C
463,B
464,D
465,D
466,D
467,D
468,D
469,B
470,A
471,C
472,D
473,D
474,B
475,A
476,B
477,C
478,B
479,C
480,B
481,C
482,A
483,B
484,A
485,B
486,D
487,B
488,A
489,B
490,D
491,C
492,B
493,C
494,C
495,B
496,D
497,B
498,A
499,B
500,D
501,D
502,D
503,C
504,C
505,A
506,C
507,B
508,D
509,C
510,D
511,D
512,A
513,A
514,D
515,B
516,D
517,B
518,C
519,A
520,B
521,C
522,D
523,B
524,B
525,B
526,C
527,D
528,D
529,D
530,D
531,B
532,B
533,B
534,A
535,A
536,B
537,D
538,D
539,C
540,B
541,B
542,B
543,D
544,D
545,D
546,D
547,B
548,D
549,D
550,D
551,D
552,D
553,D
554,D
555,D
556,D
557,A
558,B
559,A
560,B
561,B
562,B
563,B
564,D
565,D
566,D
567,C
568,B
569,B
570,B
571,A
572,A
573,C
574,D
575,B
576,D
577,C
578,D
579,A
580,C
581,A
582,D
583,B
584,D
585,B
586,C
587,B
588,D
589,B
590,C
591,B
592,D
593,D
594,B
595,C
596,D
597,C
598,D
599,D
600,D
601,B
602,C
603,D
604,D
605,D
606,A
607,C
608,D
609,B
610,D
611,B
612,B
613,B
614,D
615,C
616,B
617,D
618,D
619,D
620,D
621,D
622,B
623,A
624,B
625,D
626,A
627,B
628,D
629,C
630,D
631,B
632,B
633,D
634,B
635,D
636,B
637,D
638,C
639,B
640,C
641,C
642,C
643,B
644,D
645,B
646,A
647,D
648,A
649,C
650,B
651,D
652,D
653,A
654,D
655,C
656,D
657,C
658,D
659,D
660,C
661,A
662,D
663,D
664,B
665,D
666,D
667,D
668,D
669,C
670,B
671,D
672,B
673,D
674,B
675,D
676,C
677,B
678,B
679,B
680,B
681,C
682,C
683,B
684,C
685,D
686,B
687,D
688,C
689,A
690,D
691,D
692,B
693,B
694,B
695,A
696,B
697,B
698,D
699,A
700,B
701,B
702,B
703,B
704,D
705,D
706,B
707,D
708,C
709,C
710,C
711,C
712,D
713,C
714,B
715,B
716,D
717,C
718,A
719,D
720,B
721,D
722,D
723,D
724,D
725,D
726,D
727,D
728,C
729,A
730,D
731,C
732,C
733,C
734,D
735,B
736,B
737,D
738,D
739,A
740,D
741,B
742,B
743,C
744,A
745,B
746,B
747,D
748,A
749,A
750,D
751,B
752,B
753,D
754,B
755,A
756,D
757,D
758,D
759,D
760,B
761,A
762,D
763,B
764,D
765,D
766,C
767,B
768,A
769,A
770,D
771,B
772,A
773,C
774,C
775,B
776,D
777,A
778,C
779,D
780,D
781,D
782,D
783,D
784,B
785,D
786,A
787,D
788,B
789,D
790,C
791,A
792,A
793,D
794,B
795,D
796,D
797,D
798,A
799,B
800,C
801,B
802,B
803,B
804,C
805,C
806,B
807,C
808,B
809,D
810,D
811,D
812,D
813,D
814,B
815,D
816,B
817,D
818,C
819,C
820,C
821,D
822,B
823,C
824,D
825,B
826,D
827,D
828,D
829,C
830,A
831,C
832,C
833,D
834,B
835,B
836,C
837,B
838,D
839,D
840,D
841,D
842,A
843,B
844,D
845,B
846,D
847,D
848,D
849,A
850,B
851,C
852,D
853,B
854,D
855,A
856,B
857,D
858,D
859,D
860,C
861,D
862,A
863,B
864,D
865,D
866,A
867,C
868,A
869,B
870,B
871,B
872,D
873,A
874,C
875,B
876,B
877,A
878,D
879,B
880,D
881,A
882,A
883,C
884,D
885,B
886,D
887,B
888,D
889,B
890,C
891,D
892,C
893,C
894,B
895,A
896,D
897,D
898,D
899,D
900,D
901,B
902,C
903,A
904,B
905,B
906,D
907,B
908,C
909,C
910,B
911,B
912,D
913,C
914,D
915,B
916,D
917,A
918,D
919,A
920,B
921,B
922,C
923,A
924,D
925,B
926,D
927,B
928,D
929,A
930,C
931,B
932,C
933,B
934,D
935,A
936,D
937,B
938,C
939,A
940,B
941,A
942,B
943,C
944,C
945,B
946,D
947,A
948,D
949,D
950,A
951,D
952,B
953,D
954,C
955,B
956,D
957,B
958,D
959,C
960,B
961,B
962,C
963,B
964,D
965,D
966,B
967,B
968,B
969,B
970,D
971,B
972,B
973,C
974,C
975,B
976,C
977,A
978,D
979,D
980,B
981,A
982,C
983,D
984,D
985,A
986,C
987,C
988,A
989,D
990,D
991,D
992,D
993,D
994,B
995,C
996,C
997,C
998,C
999,B
1000,B
1001,B
1002,C
1003,D
1004,A
1005,D
1006,B
1007,C
1008,A
1009,B
1010,D
1011,B
1012,A
1013,D
1014,A
1015,C
1016,B
1017,D
1018,C
1019,B
1020,C
1021,B
1022,D
1023,C
1024,A
1025,D
1026,B
1027,D
1028,B
1029,B
1030,A
1031,D
1032,B
1033,B
1034,C
1035,A
1036,C
1037,D
1038,D
1039,A
1040,C
1041,D
1042,B
1043,D
1044,B
1045,B
1046,D
1047,D
1048,B
1049,C
1050,C
1051,D
1052,C
1053,A
1054,D
1055,D
1056,B
1057,A
1058,B
1059,D
1060,B
1061,B
1062,D
1063,B
1064,D
1065,D
1066,D
1067,B
1068,B
1069,B
1070,B
1071,A
1072,C
1073,C
1074,A
1075,D
1076,C
1077,A
1078,D
1079,D
1080,D
1081,A
1082,C
1083,C
1084,D
1085,D
1086,A
1087,B
1088,B
1089,D
1090,D
1091,B
1092,B
1093,B
1094,C
1095,D
1096,D
1097,D
1098,C
1099,B
1100,B
1101,C
1102,B
1103,B
1104,B
1105,D
1106,D
1107,C
1108,A
1109,B
1110,D
1111,D
1112,D
1113,B
1114,B
1115,B
1116,A
1117,B
1118,D
1119,A
1120,D
1121,D
1122,B
1123,A
1124,D
1125,B
1126,B
1127,C
1128,C
1129,C
1130,D
1131,C
1132,D
1133,B
1134,B
1135,A
1136,C
1137,D
1138,D
1139,B
1140,D
1141,A
1142,A
1143,D
1144,D
1145,C
1146,C
1147,A
1148,B
1149,D
1150,D
1151,B
1152,D
1153,A
1154,B
1155,B
1156,B
1157,C
1158,B
1159,D
1160,B
1161,B
1162,D
1163,D
1164,D
1165,C
1166,B
1167,B
1168,C
1169,C
1170,C
1171,D
1172,C
1173,C
1174,D
1175,C
1176,D
1177,D
1178,A
1179,B
1180,B
1181,D
1182,A
1183,B
1184,C
1185,D
1186,D
1187,C
1188,B
1189,B
1190,D
1191,B
1192,D
1193,C
1194,C
1195,D
1196,B
1197,A
1198,B
1199,D
1200,C
1201,D
1202,D
1203,B
1204,C
1205,B
1206,B
1207,D
1208,A
1209,B
1210,B
1211,D
1212,B
1213,D
1214,A
1215,B
1216,B
1217,C
1218,D
1219,C
1220,D
1221,B
1222,B
1223,C
1224,D
1225,D
1226,B
1227,C
1228,D
1229,C
1230,D
1231,B
1232,A
1233,B
1234,D
1235,D
1236,D
1237,B
1238,B
1239,B
1240,B
1241,D
1242,B
1243,D
1244,C
1245,C
1246,B
1247,D
1248,B
1249,D
1250,D
1251,D
1252,D
1253,C
1254,D
1255,B
1256,C
1257,A
1258,D
1259,D
1260,D
1261,C
1262,A
1263,D
1264,D
1265,A
1266,A
1267,B
1268,C
1269,C
1270,B
1271,B
1272,D
1273,D
1274,B
1275,B
1276,B
1277,A
1278,D
1279,D
1280,B
1281,D
1282,D
1283,C
1284,D
1285,D
1286,C
1287,D
1288,C
1289,A
1290,C
1291,C
1292,A
1293,D
1294,B
1295,B
1296,B
1297,C
1298,B
1299,C
1300,B
1301,D
1302,A
1303,D
1304,C
1305,C
1306,B
1307,B
1308,B
1309,D
1310,C
1311,B
1312,D
1313,A
1314,D
1315,D
1316,D
1317,C
1318,A
1319,C
1320,D
1321,D
1322,C
1323,D
1324,D
1325,B
1326,A
1327,C
1328,D
1329,B
1330,D
1331,D
1332,D
1333,C
1334,B
1335,A
1336,C
1337,D
1338,B
1339,A
1340,B
1341,B
1342,C
1343,C
1344,B
1345,B
1346,D
1347,C
1348,A
1349,C
1350,C
1351,D
1352,D
1353,C
1354,D
1355,D
1356,D
1357,D
1358,A
1359,C
1360,D
1361,B
1362,A
1363,B
1364,D
1365,D
1366,D
1367,D
1368,C
1369,B
1370,C
1371,B
1372,B
1373,D
1374,D
1375,B
1376,B
1377,D
1378,D
1379,D
1380,D
1381,D
1382,B
1383,C
1384,B
1385,B
1386,B
1387,B
1388,B
1389,B
1390,B
1391,D
1392,B
1393,D
1394,B
1395,D
1396,A
1397,D
1398,B
1399,B
1400,D
1401,D
1402,B
1403,C
1404,D
1405,D
1406,B
1407,A
1408,B
1409,D
1410,C
1411,B
1412,D
1413,B
1414,B
1415,D
1416,B
1417,D
1418,D
1419,B
1420,B
1421,D
1422,D
1423,C
1424,D
1425,B
1426,A
1427,B
1428,D
1429,D
1430,B
1431,A
1432,B
1433,A
1434,B
1435,D
1436,D
1437,B
1438,B
1439,C
1440,B
1441,D
1442,C
1443,D
1444,C
1445,A
1446,C
1447,D
1448,D
1449,D
1450,D
1451,D
1452,A
1453,C
1454,D
1455,A
1456,D
1457,C
1458,A
1459,C
1460,B
1461,D
1462,B
1463,D
1464,B
1465,B
1466,C
1467,D
1468,C
1469,B
1470,D
1471,D
1472,B
1473,C
1474,A
1475,A
1476,D
1477,D
1478,D
1479,C
1480,D
1481,C
1482,D
1483,C
1484,B
1485,D
1486,D
1487,B
1488,B
1489,C
1490,D
1491,B
1492,A
1493,D
1494,B
1495,B
1496,D
1497,D
1498,D
1499,D
1500,D
1501,D
1502,B
1503,B
1504,D
1505,D
1506,B
1507,B
1508,D
1509,B
1510,D
1511,B
1512,C
1513,B
1514,D
1515,B
1516,A
1517,C
1518,B
1519,C
1520,D
1521,D
1522,C
1523,B
1524,B
1525,C
1526,D
1527,A
1528,D
1529,D
1530,D
1531,D
1532,D
1533,D
1534,D
1535,B
1536,A
1537,D
1538,B
1539,D
1540,D
1541,B
1542,D
1543,D
1544,D
1545,C
1546,D
1547,A
1548,B
1549,C
1550,B
1551,A
1552,B
1553,A
1554,B
1555,D
1556,D
1557,C
1558,B
1559,C
1560,B
1561,A
1562,B
1563,A
1564,B
1565,C
1566,D
1567,D
1568,B
1569,C
1570,B
1571,C
1572,D
1573,C
1574,B
1575,D
1576,D
1577,D
1578,B
1579,A
1580,B
1581,A
1582,B
1583,D
1584,C
1585,B
1586,B
1587,D
1588,B
1589,D
1590,B
1591,D
1592,B
1593,D
1594,B
1595,B
1596,B
1597,A
1598,D
1599,A
1600,C
1601,B
1602,B
1603,D
1604,D
1605,A
1606,A
1607,B
1608,B
1609,C
1610,C
1611,B
1612,A
1613,A
1614,C
1615,B
1616,C
1617,D
1618,B
1619,A
1620,B
1621,D
1622,D
1623,D
1624,D
1625,D
1626,C
1627,C
1628,D
1629,D
1630,D
1631,B
1632,B
1633,D
1634,B
1635,B
1636,A
1637,B
1638,D
1639,A
1640,D
1641,D
1642,B
1643,D
1644,C
1645,B
1646,D
1647,B
1648,C
1649,B
1650,A
1651,B
1652,B
1653,B
1654,B
1655,A
1656,D
1657,C
1658,D
1659,C
1660,D
1661,D
1662,B
1663,D
1664,D
1665,B
1666,C
1667,C
1668,C
1669,D
1670,C
1671,B
1672,B
1673,B
1674,C
1675,B
1676,B
1677,B
1678,B
1679,C
1680,D
1681,C
1682,A
1683,C
1684,B
1685,A
1686,D
1687,A
1688,D
1689,B
1690,B
1691,B
1692,C
1693,B
1694,D
1695,B
1696,D
1697,B
1698,D
1699,D
1700,B
1701,D
1702,A
1703,D
1704,B
1705,B
1706,C
1707,A
1708,A
1709,B
1710,C
1711,B
1712,C
1713,D
1714,D
1715,C
1716,B
1717,D
1718,D
1719,B
1720,B
1721,C
1722,C
1723,D
1724,A
1725,C
1726,C
1727,C
1728,B
1729,B
1730,B
1731,D
1732,B
1733,B
1734,D
1735,B
1736,B
1737,B
1738,D
1739,B
1740,B
1741,D
1742,B
1743,D
1744,A
1745,C
1746,D
1747,D
1748,D
1749,B
1750,A
1751,B
1752,D
1753,D
1754,B
1755,D
1756,B
1757,A
1758,D
1759,D
1760,D
1761,D
1762,C
1763,A
1764,D
1765,B
1766,C
1767,D
1768,C
1769,B
1770,B
1771,D
1772,B
1773,B
1774,B
1775,A
1776,B
1777,B
1778,B
1779,A
1780,C
1781,D
1782,B
1783,A
1784,B
1785,D
1786,D
1787,C
1788,C
1789,D
1790,B
1791,A
1792,C
1793,B
1794,C
1795,B
1796,B
1797,C
1798,C
1799,C
1800,A
1801,B
1802,C
1803,B
1804,B
1805,C
1806,B
1807,D
1808,D
1809,D
1810,B
1811,D
1812,A
1813,B
1814,D
1815,D
1816,B
1817,B
1818,D
1819,D
1820,C
1821,C
1822,B
1823,C
1824,A
1825,A
1826,C
1827,C
1828,B
1829,C
1830,D
1831,B
1832,C
1833,C
1834,B
1835,B
1836,C
1837,C
1838,B
1839,D
1840,B
1841,B
1842,D
1843,C
1844,B
1845,D
1846,B
1847,B
1848,C
1849,B
1850,D
1851,A
1852,D
1853,C
1854,A
1855,B
1856,D
1857,B
1858,B
1859,C
1860,D
1861,B
1862,C
1863,A
1864,D
1865,D
1866,D
1867,B
1868,A
1869,C
1870,C
1871,B
1872,B
1873,A
1874,D
1875,D
1876,C
1877,D
1878,D
1879,B
1880,B
1881,D
1882,B
1883,C
1884,D
1885,D
1886,B
1887,B
1888,D
1889,D
1890,B
1891,C
1892,C
1893,A
1894,C
1895,D
1896,D
1897,A
1898,D
1899,B
1900,C
1901,B
1902,A
1903,C
1904,B
1905,B
1906,C
1907,B
1908,D
1909,B
1910,B
1911,C
1912,A
1913,D
1914,D
1915,B
1916,D
1917,C
1918,D
1919,D
1920,A
1921,C
1922,B
1923,C
1924,A
1925,B
1926,B
1927,C
1928,B
1929,C
1930,C
1931,D
1932,C
1933,D
1934,D
1935,B
1936,C
1937,D
1938,B
1939,A
1940,D
1941,B
1942,B
1943,C
1944,D
1945,C
1946,C
1947,D
1948,B
1949,C
1950,C
1951,A
1952,D
1953,C
1954,D
1955,D
1956,D
1957,B
1958,C
1959,D
1960,C
1961,B
1962,C
1963,A
1964,B
1965,B
1966,B
1967,A
1968,D
1969,D
1970,C
1971,D
1972,A
1973,B
1974,B
1975,B
1976,C
1977,D
1978,B
1979,B
1980,D
1981,D
1982,C
1983,C
1984,B
1985,A
1986,C
1987,A
1988,B
1989,C
1990,D
1991,B
1992,C
1993,B
1994,B
1995,B
1996,A
1997,C
1998,C
1999,D
2000,A
2001,C
2002,D
2003,C
2004,A
2005,C
2006,B
2007,D
2008,B
2009,B
2010,B
2011,C
2012,D
2013,C
2014,D
2015,B
2016,B
2017,C
2018,D
2019,A
2020,D
2021,C
2022,B
2023,D
2024,D
2025,C
2026,B
2027,B
2028,C
2029,D
2030,B
2031,D
2032,B
2033,D
2034,D
2035,C
2036,A
2037,D
2038,B
2039,B
2040,C
2041,D
2042,B
2043,B
2044,A
2045,D
2046,D
2047,D
2048,B
2049,D
2050,A
2051,D
2052,B
2053,D
2054,B
2055,A
2056,B
2057,B
2058,D
2059,B
2060,D
2061,D
2062,A
2063,C
2064,A
2065,C
2066,B
2067,C
2068,B
2069,D
2070,D
2071,C
2072,A
2073,A
2074,B
2075,C
2076,C
2077,C
2078,B
2079,B
2080,D
2081,B
2082,C
2083,C
2084,B
2085,B
2086,B
2087,D
2088,D
2089,D
2090,A
2091,B
2092,B
2093,D
2094,D
2095,C
2096,C
2097,C
2098,D
2099,B
2100,D
2101,C
2102,B
2103,C
2104,D
2105,B
2106,D
2107,C
2108,D
2109,D
2110,A
2111,C
2112,C
2113,C
2114,D
2115,C
2116,A
2117,B
2118,B
2119,D
2120,B
2121,B
2122,D
2123,D
2124,D
2125,B
2126,B
2127,C
2128,D
2129,B
2130,B
2131,D
2132,A
2133,D
2134,C
2135,C
2136,D
2137,B
2138,B
2139,A
2140,A
2141,D
2142,B
2143,C
2144,A
2145,B
2146,B
2147,A
2148,D
2149,B
2150,B
2151,D
2152,C
2153,B
2154,D
2155,D
2156,C
2157,D
2158,B
2159,B
2160,C
2161,B
2162,B
2163,C
2164,C
2165,C
2166,C
2167,B
2168,C
2169,A
2170,B
2171,B
2172,B
2173,C
2174,D
2175,A
2176,D
2177,A
2178,A
2179,C
2180,A
2181,B
2182,D
2183,B
2184,C
2185,D
2186,B
2187,A
2188,B
2189,B
2190,B
2191,D
2192,C
2193,C
2194,B
2195,A
2196,B
2197,A
2198,B
2199,C
2200,C
2201,A
2202,C
2203,D
2204,D
2205,C
2206,B
2207,B
2208,D
2209,C
2210,A
2211,D
2212,A
2213,C
2214,C
2215,D
2216,D
2217,A
2218,B
2219,D
2220,B
2221,B
2222,D
2223,D
2224,B
2225,D
2226,D
2227,B
2228,D
2229,C
2230,B
2231,B
2232,D
2233,A
2234,B
2235,B
2236,C
2237,B
2238,C
2239,B
2240,A
2241,B
2242,A
2243,D
2244,C
2245,A
2246,D
2247,B
2248,D
2249,B
2250,D
2251,A
2252,D
2253,B
2254,C
2255,A
2256,D
2257,B
2258,A
2259,C
2260,C
2261,C
2262,B
2263,B
2264,B
2265,C
2266,D
2267,D
2268,D
2269,A
2270,D
2271,D
2272,B
2273,B
2274,C
2275,A
2276,D
2277,C
2278,D
2279,D
2280,C
2281,C
2282,B
2283,B
2284,B
2285,D
2286,D
2287,B
2288,B
2289,D
2290,C
2291,D
2292,D
2293,B
2294,D
2295,B
2296,A
2297,A
2298,A
2299,C
2300,A
2301,A
2302,C
2303,C
2304,B
2305,C
2306,C
2307,C
2308,B
2309,B
2310,D
2311,B
2312,D
2313,D
2314,D
2315,A
2316,B
2317,A
2318,D
2319,C
2320,D
2321,D
2322,B
2323,A
2324,C
2325,A
2326,A
2327,D
2328,B
2329,C
2330,A
2331,C
2332,C
2333,B
2334,C
2335,A
2336,A
2337,C
2338,D
2339,C
2340,B
2341,B
2342,B
2343,B
2344,D
2345,C
2346,B
2347,B
2348,D
2349,D
2350,A
2351,B
2352,A
2353,B
2354,A
2355,D
2356,C
2357,C
2358,D
2359,B
2360,D
2361,B
2362,D
2363,A
2364,A
2365,B
2366,C
2367,D
2368,A
2369,A
2370,C
2371,A
2372,A
2373,C
2374,C
2375,B
2376,C
2377,B
2378,D
2379,C
2380,B
2381,B
2382,B
2383,B
2384,C
2385,C
2386,C
2387,D
2388,D
2389,C
2390,C
2391,D
2392,C
2393,A
2394,B
2395,D
2396,D
2397,C
2398,B
2399,B
2400,C
2401,B
2402,B
2403,B
2404,D
2405,A
2406,A
2407,D
2408,B
2409,B
2410,C
2411,C
2412,D
2413,A
2414,D
2415,A
2416,C
2417,D
2418,A
2419,D
2420,B
2421,B
2422,C
2423,A
2424,A
2425,D
2426,B
2427,B
2428,A
2429,D
2430,D
2431,A
2432,B
2433,A
2434,D
2435,A
2436,A
2437,D
2438,B
2439,D
2440,C
2441,B
2442,A
2443,B
2444,C
2445,B
2446,A
2447,C
2448,D
2449,B
2450,B
2451,D
2452,B
2453,B
2454,D
2455,C
2456,D
2457,A
2458,C
2459,D
2460,B
2461,D
2462,D
2463,D
2464,A
2465,A
2466,A
2467,C
2468,A
2469,D
2470,C
2471,C
2472,B
2473,B
2474,D
2475,B
2476,D
2477,D
2478,A
2479,B
2480,A
2481,C
2482,C
2483,D
2484,C
2485,B
2486,D
2487,D
2488,B
2489,B
2490,B
2491,C
2492,B
2493,A
2494,B
2495,D
2496,B
2497,A
2498,C
2499,D
2500,A
2501,B
2502,C
2503,D
2504,D
2505,C
2506,A
2507,B
2508,B
2509,B
2510,B
2511,C
2512,D
2513,A
2514,B
2515,A
2516,D
2517,C
2518,B
2519,A
2520,B
2521,D
2522,D
2523,C
2524,B
2525,B
2526,B
2527,B
2528,D
2529,C
2530,A
2531,D
2532,C
2533,C
2534,D
2535,D
2536,D
2537,B
2538,D
2539,C
2540,B
2541,A
2542,C
2543,C
2544,B
2545,D
2546,A
2547,D
2548,B
2549,C
2550,D
2551,D
2552,D
2553,D
2554,B
2555,C
2556,B
2557,D
2558,B
2559,D
2560,D
2561,D
2562,D
2563,D
2564,B
2565,D
2566,D
2567,D
2568,D
2569,B
2570,D
2571,D
2572,C
2573,B
2574,A
2575,C
2576,C
2577,A
2578,C
2579,C
2580,C
2581,A
2582,D
2583,A
2584,B
2585,D
2586,C
2587,B
2588,D
2589,A
2590,C
2591,B
2592,D
2593,B
2594,B
2595,C
2596,D
2597,D
2598,B
2599,A
2600,D
2601,C
2602,B
2603,D
2604,B
2605,D
2606,B
2607,D
2608,C
2609,A
2610,D
2611,C
2612,A
2613,C
2614,C
2615,B
2616,A
2617,A
2618,B
2619,C
2620,B
2621,D
2622,B
2623,D
2624,D
2625,C
2626,B
2627,B
2628,B
2629,C
2630,D
2631,A
2632,C
2633,C
2634,C
2635,D
2636,C
2637,B
2638,B
2639,A
2640,B
2641,B
2642,A
2643,D
2644,C
2645,D
2646,A
2647,D
2648,C
2649,D
2650,D
2651,C
2652,C
2653,C
2654,B
2655,D
2656,B
2657,C
2658,D
2659,C
2660,D
2661,C
2662,A
2663,A
2664,B
2665,B
2666,C
2667,B
2668,D
2669,D
2670,A
2671,D
2672,C
2673,A
2674,C
2675,C
2676,A
2677,B
2678,B
2679,B
2680,D
2681,C
2682,D
2683,B
2684,D
2685,A
2686,D
2687,B
2688,C
2689,B
2690,B
2691,A
2692,C
2693,D
2694,C
2695,A
2696,D
2697,C
2698,C
2699,D
2700,D
2701,C
2702,D
2703,B
2704,C
2705,B
2706,B
2707,B
2708,A
2709,D
2710,C
2711,A
2712,B
2713,D
2714,D
2715,D
2716,C
2717,D
2718,D
2719,D
2720,B
2721,C
2722,B
2723,B
2724,A
2725,B
2726,B
2727,D
2728,A
2729,D
2730,A
2731,A
2732,C
2733,D
2734,C
2735,C
2736,C
2737,B
2738,D
2739,D
2740,A
2741,D
2742,D
2743,B
2744,C
2745,D
2746,D
2747,D
2748,B
2749,D
2750,C
2751,D
2752,B
2753,B
2754,D
2755,B
2756,D
2757,D
2758,A
2759,D
2760,D
2761,B
2762,D
2763,A
2764,C
2765,C
2766,D
2767,B
2768,B
2769,A
2770,C
2771,B
2772,C
2773,B
2774,B
2775,A
2776,C
2777,C
2778,B
2779,D
2780,B
2781,B
2782,C
2783,A
2784,D
2785,A
2786,A
2787,B
2788,D
2789,A
2790,B
2791,D
2792,C
2793,C
2794,D
2795,C
2796,D
2797,B
2798,B
2799,A
2800,C
2801,B
2802,C
2803,A
2804,D
2805,B
2806,B
2807,A
2808,C
2809,A
2810,A
2811,A
2812,A
2813,B
2814,D
2815,C
2816,C
2817,B
2818,B
2819,B
2820,B
2821,B
2822,B
2823,D
2824,D
2825,C
2826,C
2827,C
2828,D
2829,D
2830,D
2831,B
2832,D
2833,B
2834,D
2835,D
2836,A
2837,D
2838,D
2839,B
2840,D
2841,D
2842,C
2843,A
2844,A
2845,A
2846,B
2847,B
2848,C
2849,B
2850,B
2851,A
2852,D
2853,C
2854,D
2855,B
2856,A
2857,C
2858,D
2859,C
2860,B
2861,C
2862,D
2863,B
2864,D
2865,B
2866,D
2867,B
2868,C
2869,B
2870,D
2871,B
2872,B
2873,B
2874,B
2875,C
2876,B
2877,D
2878,C
2879,C
2880,C
2881,B
2882,B
2883,C
2884,B
2885,C
2886,B
2887,D
2888,D
2889,B
2890,C
2891,D
2892,C
2893,D
2894,D
2895,C
2896,C
2897,B
2898,D
2899,A
2900,B
2901,A
2902,D
2903,D
2904,B
2905,B
2906,B
2907,C
2908,D
2909,A
2910,D
2911,D
2912,D
2913,D
2914,C
2915,D
2916,B
2917,D
2918,D
2919,D
2920,B
2921,B
2922,A
2923,D
2924,B
2925,D
2926,B
2927,C
2928,C
2929,C
2930,D
2931,D
2932,C
2933,B
2934,D
2935,B
2936,B
2937,A
2938,C
2939,C
2940,B
2941,D
2942,B
2943,B
2944,A
2945,B
2946,D
2947,A
2948,B
2949,D
2950,D
2951,D
2952,B
2953,C
2954,C
2955,B
2956,B
2957,D
2958,D
2959,D
2960,C
2961,B
2962,A
2963,B
2964,A
2965,D
2966,D
2967,D
2968,D
2969,C
2970,D
2971,B
2972,C
2973,D
2974,B
2975,C
2976,C
2977,D
2978,D
2979,C
2980,A
2981,B
2982,A
2983,D
2984,C
2985,B
2986,D
2987,D
2988,D
2989,D
2990,D
2991,D
2992,D
2993,C
2994,B
2995,A
2996,A
2997,D
2998,B
2999,A
3000,D
3001,C
3002,B
3003,A
3004,C
3005,D
3006,D
3007,D
3008,D
3009,B
3010,D
3011,A
3012,A
3013,D
3014,B
3015,B
3016,C
3017,A
3018,A
3019,D
3020,D
3021,A
3022,B
3023,B
3024,D
3025,B
3026,B
3027,A
3028,D
3029,B
3030,C
3031,C
3032,B
3033,D
3034,D
3035,B
3036,D
3037,D
3038,D
3039,B
3040,A
3041,A
3042,A
3043,D
3044,B
3045,D
3046,B
3047,A
3048,C
3049,D
3050,B
3051,D
3052,C
3053,A
3054,B
3055,B
3056,C
3057,C
3058,B
3059,B
3060,D
3061,D
3062,B
3063,B
3064,B
3065,C
3066,B
3067,D
3068,C
3069,D
3070,C
3071,C
3072,B
3073,D
3074,B
3075,D
3076,A
3077,D
3078,D
3079,B
3080,B
3081,A
3082,C
3083,B
3084,B
3085,D
3086,D
3087,D
3088,B
3089,C
3090,C
3091,D
3092,C
3093,D
3094,B
3095,B
3096,B
3097,B
3098,D
3099,B
3100,C
3101,D
3102,D
3103,B
3104,A
3105,D
3106,D
3107,D
3108,B
3109,A
3110,C
3111,D
3112,C
3113,C
3114,D
3115,D
3116,D
3117,B
3118,D
3119,B
3120,D
3121,B
3122,C
3123,C
3124,A
3125,B
3126,D
3127,A
3128,D
3129,D
3130,B
3131,D
3132,D
3133,B
3134,B
3135,A
3136,B
3137,D
3138,D
3139,D
3140,D
3141,D
3142,D
3143,D
3144,A
3145,B
3146,B
3147,B
3148,B
3149,C
3150,B
3151,C
3152,C
3153,C
3154,A
3155,C
3156,D
3157,A
3158,B
3159,D
3160,D
3161,B
3162,B
3163,D
3164,D
3165,D
3166,C
3167,B
3168,D
3169,C
3170,C
3171,D
3172,C
3173,D
3174,D
3175,D
3176,B
3177,A
3178,D
3179,B
3180,C
3181,C
3182,C
3183,B
3184,A
3185,A
3186,C
3187,B
3188,A
3189,C
3190,D
3191,D
3192,C
3193,D
3194,B
3195,D
3196,D
3197,D
3198,B
3199,C
3200,C
3201,B
3202,D
3203,B
3204,C
3205,D
3206,D
3207,B
3208,D
3209,C
3210,B
3211,D
3212,D
3213,D
3214,B
3215,D
3216,B
3217,D
3218,B
3219,D
3220,D
3221,B
3222,A
3223,B
3224,A
3225,D
3226,D
3227,D
3228,A
3229,B
3230,D
3231,D
3232,D
3233,B
3234,D
3235,D
3236,B
3237,A
3238,D
3239,B
3240,D
3241,A
3242,D
3243,B
3244,D
3245,D
3246,D
3247,D
3248,C
3249,D
3250,A
3251,C
3252,B
3253,D
3254,B
3255,D
3256,B
3257,A
3258,D
3259,B
3260,B
3261,D
3262,B
3263,B
3264,C
3265,B
3266,C
3267,B
3268,D
3269,C
3270,D
3271,A
3272,B
3273,B
3274,D
3275,C
3276,D
3277,D
3278,D
3279,B
3280,D
3281,C
3282,A
3283,C
3284,C
3285,D
3286,D
3287,C
3288,C
3289,C
3290,B
3291,C
3292,A
3293,A
3294,C
3295,A
3296,B
3297,B
3298,C
3299,D
3300,B
3301,B
3302,B
3303,D
3304,D
3305,B
3306,B
3307,D
3308,C
3309,A
3310,D
3311,B
3312,B
3313,D
3314,B
3315,D
3316,D
3317,A
3318,A
3319,D
3320,C
3321,B
3322,D
3323,A
3324,B
3325,B
3326,C
3327,D
3328,C
3329,A
3330,D
3331,C
3332,D
3333,C
3334,B
3335,C
3336,D
3337,B
3338,D
3339,B
3340,B
3341,D
3342,D
3343,B
3344,D
3345,D
3346,A
3347,B
3348,B
3349,B
3350,D
3351,A
3352,B
3353,D
3354,D
3355,A
3356,C
3357,C
3358,A
3359,B
3360,B
3361,B
3362,B
3363,D
3364,B
3365,A
3366,D
3367,C
3368,C
3369,D
3370,B
3371,C
3372,D
3373,B
3374,C
3375,D
3376,C
3377,D
3378,A
3379,B
3380,D
3381,C
3382,D
3383,D
3384,B
3385,B
3386,D
3387,C
3388,C
3389,D
3390,C
3391,B
3392,C
3393,C
3394,D
3395,D
3396,A
3397,C
3398,B
3399,B
3400,C
3401,D
3402,D
3403,B
3404,C
3405,D
3406,D
3407,A
3408,C
3409,B
3410,D
3411,C
3412,D
3413,B
3414,D
3415,B
3416,B
3417,C
3418,C
3419,D
3420,C
3421,C
3422,D
3423,B
3424,B
3425,A
3426,B
3427,A
3428,A
3429,D
3430,D
3431,C
3432,A
3433,C
3434,C
3435,C
3436,C
3437,B
3438,C
3439,B
3440,D
3441,D
3442,D
3443,D
3444,B
3445,D
3446,D
3447,D
3448,C
3449,C
3450,D
3451,D
3452,A
3453,D
3454,D
3455,C
3456,D
3457,D
3458,C
3459,A
3460,D
3461,A
3462,D
3463,C
3464,C
3465,B
3466,B
3467,A
3468,A
3469,D
3470,A
3471,D
3472,B
3473,C
3474,D
3475,B
3476,D
3477,C
3478,B
3479,A
3480,B
3481,B
3482,D
3483,A
3484,D
3485,B
3486,D
3487,B
3488,C
3489,D
3490,A
3491,B
3492,D
3493,B
3494,D
3495,A
3496,D
3497,D
3498,B
3499,D
3500,D
3501,C
3502,D
3503,A
3504,B
3505,D
3506,D
3507,A
3508,B
3509,C
3510,A
3511,C
3512,C
3513,C
3514,B
3515,C
3516,A
3517,D
3518,D
3519,D
3520,D
3521,D
3522,C
3523,D
3524,D
3525,C
3526,A
3527,A
3528,D
3529,A
3530,B
3531,A
3532,D
3533,B
3534,C
3535,B
3536,A
3537,D
3538,B
3539,C
3540,B
3541,A
3542,C
3543,A
3544,B
3545,B
3546,B
3547,D
3548,B
3549,D
3550,D
3551,D
3552,B
3553,D
3554,D
3555,B
3556,B
3557,D
3558,B
3559,D
3560,D
3561,C
3562,D
3563,B
3564,D
3565,C
3566,D
3567,B
3568,B
3569,B
3570,B
3571,B
3572,B
3573,D
3574,B
3575,D
3576,D
3577,D
3578,D
3579,C
3580,C
3581,D
3582,C
3583,D
3584,D
3585,C
3586,C
3587,C
3588,B
3589,B
3590,D
3591,D
3592,A
3593,B
3594,A
3595,D
3596,A
3597,C
3598,B
3599,D
3600,D
3601,D
3602,C
3603,B
3604,C
3605,C
3606,D
3607,A
3608,D
3609,D
3610,C
3611,D
3612,D
3613,A
3614,B
3615,B
3616,D
3617,B
3618,B
3619,C
3620,A
3621,C
3622,B
3623,B
3624,D
3625,C
3626,D
3627,C
3628,D
3629,D
3630,C
3631,A
3632,B
3633,D
3634,D
3635,B
3636,C
3637,D
3638,B
3639,B
3640,A
3641,B
3642,D
3643,B
3644,D
3645,D
3646,C
3647,C
3648,B
3649,D
3650,B
3651,B
3652,A
3653,B
3654,D
3655,D
3656,D
3657,D
3658,D
3659,B
3660,D
3661,D
3662,D
3663,D
3664,D
3665,A
3666,D
3667,C
3668,B
3669,D
3670,A
3671,C
3672,B
3673,D
3674,B
3675,C
3676,B
3677,B
3678,D
3679,D
3680,C
3681,B
3682,B
3683,B
3684,C
3685,B
3686,C
3687,B
3688,D
3689,D
3690,B
3691,C
3692,D
3693,C
3694,C
3695,B
3696,B
3697,B
3698,C
3699,D
3700,B
3701,D
3702,B
3703,B
3704,D
3705,B
3706,D
3707,A
3708,B
3709,A
3710,D
3711,B
3712,A
3713,D
3714,D
3715,B
3716,B
3717,B
3718,D
3719,B
3720,B
3721,D
3722,D
3723,B
3724,B
3725,D
3726,D
3727,B
3728,D
3729,B
3730,C
3731,B
3732,D
3733,B
3734,B
3735,D
3736,D
3737,B
3738,D
3739,A
3740,A
3741,C
3742,B
3743,C
3744,C
3745,C
3746,D
3747,D
3748,B
3749,D
3750,B
3751,D
3752,D
3753,D
3754,C
3755,B
3756,B
3757,B
3758,D
3759,B
3760,D
3761,A
3762,A
3763,C
3764,D
3765,B
3766,D
3767,D
3768,B
3769,D
3770,A
3771,B
3772,B
3773,D
3774,A
3775,C
3776,A
3777,B
3778,D
3779,C
3780,B
3781,D
3782,C
3783,C
3784,A
3785,D
3786,D
3787,A
3788,D
3789,A
3790,B
3791,D
3792,D
3793,C
3794,C
3795,C
3796,B
3797,C
3798,B
3799,B
3800,D
3801,B
3802,A
3803,C
3804,C
3805,D
3806,D
3807,B
3808,B
3809,D
3810,D
3811,D
3812,D
3813,B
3814,C
3815,D
3816,B
3817,D
3818,D
3819,A
3820,B
3821,B
3822,B
3823,B
3824,C
3825,C
3826,B
3827,D
3828,B
3829,D
3830,A
3831,C
3832,B
3833,B
3834,C
3835,D
3836,D
3837,D
3838,D
3839,B
3840,D
3841,D
3842,B
3843,D
3844,B
3845,C
3846,C
3847,D
3848,D
3849,B
3850,D
3851,C
3852,D
3853,B
3854,B
3855,D
3856,C
3857,C
3858,C
3859,B
3860,B
3861,D
3862,B
3863,C
3864,B
3865,C
3866,C
3867,A
3868,B
3869,D
3870,C
3871,C
3872,C
3873,C
3874,B
3875,D
3876,A
3877,C
3878,B
3879,C
3880,D
3881,C
3882,D
3883,B
3884,D
3885,C
3886,A
3887,A
3888,D
3889,C
3890,D
3891,C
3892,D
3893,B
3894,D
3895,C
3896,D
3897,A
3898,A
3899,D
3900,D
3901,A
3902,D
3903,A
3904,A
3905,C
3906,C
3907,A
3908,D
3909,D
3910,B
3911,D
3912,C
3913,A
3914,B
3915,B
3916,A
3917,D
3918,D
3919,B
3920,C
3921,D
3922,D
3923,D
3924,B
3925,D
3926,A
3927,C
3928,B
3929,A
3930,B
3931,C
3932,C
3933,D
3934,D
3935,C
3936,D
3937,C
3938,D
3939,B
3940,D
3941,C
3942,C
3943,C
3944,B
3945,C
3946,B
3947,B
3948,D
3949,A
3950,C
3951,D
3952,D
3953,A
3954,B
3955,A
3956,A
3957,C
3958,C
3959,A
3960,D
3961,B
3962,B
3963,B
3964,B
3965,D
3966,B
3967,A
3968,D
3969,A
3970,B
3971,D
3972,A
3973,D
3974,D
3975,C
3976,D
3977,B
3978,A
3979,A
3980,A
3981,C
3982,D
3983,C
3984,D
3985,C
3986,D
3987,B
3988,A
3989,D
3990,D
3991,D
3992,B
3993,A
3994,C
3995,D
3996,D
3997,A
3998,B
3999,B
4000,D
4001,A
4002,C
4003,D
4004,C
4005,D
4006,D
4007,B
4008,B
4009,B
4010,B
4011,C
4012,B
4013,B
4014,A
4015,B
4016,B
4017,D
4018,B
4019,D
4020,C
4021,B
4022,B
4023,B
4024,C
4025,B
4026,D
4027,B
4028,C
4029,C
4030,C
4031,A
4032,C
4033,B
4034,A
4035,D
4036,D
4037,B
4038,C
4039,D
4040,D
4041,D
4042,B
4043,B
4044,B
4045,D
4046,C
4047,D
4048,A
4049,B
4050,B
4051,D
4052,C
4053,D
4054,B
4055,B
4056,C
4057,B
4058,B
4059,C
4060,D
4061,C
4062,B
4063,D
4064,C
4065,C
4066,C
4067,D
4068,D
4069,A
4070,A
4071,A
4072,D
4073,A
4074,C
4075,B
4076,C
4077,D
4078,C
4079,D
4080,B
4081,B
4082,A
4083,A
4084,B
4085,D
4086,C
4087,B
4088,D
4089,B
4090,D
4091,B
4092,D
4093,C
4094,B
4095,C
4096,A
4097,D
4098,D
4099,C
4100,C
4101,B
4102,B
4103,D
4104,D
4105,C
4106,D
4107,C
4108,B
4109,B
4110,B
4111,A
4112,B
4113,C
4114,C
4115,B
4116,C
4117,C
4118,A
4119,D
4120,A
4121,B
4122,D
4123,C
4124,C
4125,C
4126,B
4127,C
4128,D
4129,C
4130,D
4131,B
4132,A
4133,B
4134,C
4135,B
4136,B
4137,B
4138,C
4139,C
4140,D
4141,D
4142,D
4143,D
4144,B
4145,C
4146,B
4147,B
4148,C
4149,A
4150,D
4151,A
4152,D
4153,B
4154,D
4155,C
4156,D
4157,B
4158,C
4159,D
4160,B
4161,D
4162,C
4163,D
4164,C
4165,B
4166,D
4167,A
4168,D
4169,C
4170,B
4171,D
4172,C
4173,C
4174,D
4175,B
4176,C
4177,A
4178,D
4179,B
4180,C
4181,D
4182,B
4183,C
4184,B
4185,B
4186,C
4187,D
4188,C
4189,C
4190,B
4191,B
4192,D
4193,B
4194,B
4195,B
4196,D
4197,B
4198,C
4199,B
4200,C
4201,D
4202,C
4203,D
4204,B
4205,C
4206,D
4207,B
4208,C
4209,B
4210,A
4211,D
4212,B
4213,B
4214,D
4215,C
4216,D
4217,C
4218,C
4219,D
4220,C
4221,B
4222,C
4223,B
4224,C
4225,C
4226,B
4227,B
4228,B
4229,A
4230,B
4231,B
4232,C
4233,B
4234,B
4235,D
4236,D
4237,A
4238,A
4239,C
4240,D
4241,B
4242,D
4243,C
4244,C
4245,C
4246,C
4247,B
4248,D
4249,A
4250,D
4251,D
4252,D
4253,C
4254,D
4255,D
4256,C
4257,B
4258,C
4259,D
4260,C
4261,D
4262,D
4263,C
4264,D
4265,A
4266,B
4267,B
4268,D
4269,D
4270,D
4271,B
4272,D
4273,C
4274,C
4275,B
4276,D
4277,D
4278,D
4279,A
4280,C
4281,D
4282,A
4283,B
4284,C
4285,D
4286,C
4287,C
4288,D
4289,D
4290,D
4291,D
4292,C
4293,B
4294,B
4295,C
4296,B
4297,D
4298,D
4299,A
4300,D
4301,B
4302,D
4303,C
4304,B
4305,C
4306,D
4307,D
4308,C
4309,C
4310,B
4311,D
4312,C
4313,B
4314,B
4315,A
4316,B
4317,D
4318,D
4319,B
4320,C
4321,A
4322,B
4323,D
4324,C
4325,D
4326,C
4327,C
4328,C
4329,D
4330,B
4331,D
4332,B
4333,D
4334,D
4335,B
4336,B
4337,A
4338,D
4339,B
4340,A
4341,D
4342,D
4343,B
4344,A
4345,B
4346,C
4347,D
4348,D
4349,D
4350,B
4351,D
4352,D
4353,C
4354,B
4355,C
4356,B
4357,D
4358,C
4359,B
4360,B
4361,B
4362,C
4363,C
4364,B
4365,A
4366,D
4367,D
4368,C
4369,B
4370,B
4371,D
4372,B
4373,D
4374,B
4375,B
4376,D
4377,C
4378,C
4379,D
4380,D
4381,D
4382,B
4383,A
4384,C
4385,D
4386,C
4387,A
4388,D
4389,C
4390,B
4391,C
4392,B
4393,A
4394,C
4395,C
4396,B
4397,C
4398,C
4399,D
4400,C
4401,C
4402,A
4403,D
4404,B
4405,C
4406,B
4407,B
4408,C
4409,C
4410,C
4411,D
4412,B
4413,D
4414,C
4415,B
4416,B
4417,B
