id,pred
1,A
2,B
3,C
4,B
5,C
6,A
7,D
8,B
9,D
10,B
11,B
12,A
13,B
14,C
15,A
16,C
17,D
18,C
19,D
20,B
21,D
22,D
23,D
24,B
25,D
26,B
27,C
28,D
29,C
30,B
31,D
32,C
33,D
34,B
35,A
36,A
37,D
38,B
39,B
40,A
41,B
42,C
43,B
44,C
45,C
46,C
47,D
48,C
49,D
50,B
51,D
52,A
53,D
54,A
55,A
56,D
57,B
58,B
59,D
60,B
61,C
62,A
63,A
64,B
65,C
66,B
67,B
68,A
69,C
70,C
71,C
72,B
73,B
74,C
75,A
76,C
77,B
78,A
79,A
80,A
81,D
82,B
83,B
84,A
85,A
86,D
87,B
88,A
89,A
90,B
91,D
92,C
93,A
94,D
95,A
96,A
97,D
98,A
99,D
100,D
101,A
102,A
103,D
104,D
105,C
106,A
107,A
108,D
109,D
110,C
111,B
112,A
113,D
114,B
115,D
116,C
117,D
118,C
119,D
120,B
121,B
122,D
123,C
124,B
125,D
126,C
127,D
128,B
129,B
130,B
131,A
132,B
133,B
134,D
135,C
136,C
137,D
138,A
139,C
140,A
141,B
142,B
143,D
144,B
145,D
146,D
147,A
148,D
149,B
150,A
151,D
152,D
153,A
154,C
155,C
156,C
157,B
158,D
159,C
160,A
161,D
162,A
163,C
164,B
165,A
166,D
167,C
168,D
169,B
170,A
171,B
172,D
173,D
174,B
175,A
176,C
177,A
178,A
179,C
180,C
181,A
182,D
183,B
184,B
185,C
186,B
187,C
188,A
189,C
190,B
191,D
192,C
193,D
194,A
195,A
196,C
197,B
198,D
199,D
200,D
201,A
202,B
203,A
204,C
205,D
206,A
207,C
208,B
209,A
210,D
211,C
212,A
213,D
214,B
215,B
216,C
217,B
218,A
219,D
220,B
221,B
222,A
223,A
224,B
225,D
226,A
227,D
228,D
229,C
230,C
231,D
232,C
233,B
234,A
235,B
236,B
237,A
238,C
239,B
240,B
241,B
242,B
243,C
244,C
245,A
246,B
247,D
248,D
249,A
250,C
251,A
252,A
253,D
254,B
255,A
256,D
257,A
258,D
259,D
260,C
261,C
262,C
263,C
264,C
265,A
266,D
267,C
268,C
269,A
270,C
271,B
272,B
273,C
274,D
275,A
276,C
277,C
278,D
279,B
280,B
281,B
282,B
283,A
284,B
285,B
286,B
287,A
288,D
289,D
290,D
291,B
292,D
293,C
294,C
295,A
296,B
297,C
298,C
299,A
300,A
301,D
302,B
303,C
304,A
305,B
306,A
307,B
308,A
309,A
310,C
311,C
312,A
313,D
314,B
315,C
316,B
317,D
318,B
319,B
320,C
321,D
322,C
323,A
324,B
325,A
326,D
327,B
328,D
329,B
330,D
331,D
332,B
333,D
334,A
335,A
336,D
337,C
338,C
339,B
340,D
341,A
342,B
343,A
344,C
345,D
346,A
347,D
348,D
349,A
350,B
351,C
352,B
353,A
354,D
355,B
356,C
357,B
358,A
359,C
360,C
361,D
362,A
363,B
364,B
365,C
366,A
367,D
368,A
369,C
370,D
371,C
372,D
373,B
374,B
375,B
376,A
377,D
378,D
379,C
380,A
381,B
382,A
383,B
384,C
385,C
386,C
387,C
388,A
389,D
390,C
391,B
392,C
393,C
394,B
395,B
396,B
397,B
398,C
399,C
400,C
401,D
402,C
403,A
404,A
405,D
406,D
407,C
408,B
409,A
410,D
411,B
412,C
413,B
414,B
415,A
416,B
417,A
418,D
419,D
420,B
421,A
422,B
423,C
424,C
425,D
426,D
427,D
428,D
429,A
430,A
431,B
432,B
433,D
434,C
435,A
436,C
437,C
438,B
439,B
440,B
441,D
442,B
443,B
444,D
445,D
446,D
447,A
448,D
449,C
450,B
451,D
452,D
453,C
454,C
455,D
456,A
457,A
458,A
459,C
460,A
461,C
462,C
463,B
464,C
465,D
466,D
467,D
468,A
469,D
470,A
471,C
472,D
473,A
474,B
475,A
476,B
477,C
478,B
479,C
480,B
481,A
482,A
483,D
484,A
485,B
486,D
487,B
488,A
489,B
490,C
491,C
492,B
493,C
494,C
495,B
496,A
497,B
498,A
499,B
500,D
501,B
502,D
503,C
504,A
505,A
506,C
507,C
508,D
509,C
510,D
511,B
512,A
513,A
514,D
515,B
516,D
517,B
518,C
519,A
520,C
521,C
522,C
523,A
524,B
525,B
526,C
527,D
528,D
529,D
530,D
531,B
532,B
533,A
534,A
535,A
536,B
537,A
538,D
539,C
540,A
541,B
542,B
543,D
544,D
545,D
546,B
547,B
548,D
549,D
550,D
551,D
552,A
553,B
554,D
555,D
556,D
557,A
558,C
559,A
560,B
561,A
562,C
563,B
564,D
565,A
566,D
567,C
568,A
569,A
570,B
571,A
572,A
573,C
574,D
575,B
576,D
577,C
578,D
579,A
580,C
581,A
582,D
583,B
584,D
585,B
586,C
587,D
588,D
589,B
590,C
591,A
592,D
593,A
594,D
595,C
596,A
597,C
598,D
599,B
600,C
601,B
602,A
603,D
604,D
605,D
606,A
607,C
608,B
609,B
610,D
611,B
612,B
613,C
614,C
615,C
616,B
617,D
618,A
619,A
620,D
621,D
622,B
623,A
624,B
625,D
626,D
627,B
628,D
629,D
630,C
631,B
632,A
633,C
634,B
635,C
636,A
637,D
638,C
639,B
640,C
641,C
642,A
643,B
644,A
645,B
646,A
647,D
648,A
649,C
650,D
651,D
652,D
653,A
654,A
655,C
656,B
657,D
658,A
659,D
660,A
661,A
662,D
663,B
664,B
665,B
666,A
667,D
668,D
669,C
670,B
671,B
672,A
673,C
674,B
675,D
676,D
677,B
678,D
679,B
680,B
681,C
682,C
683,B
684,C
685,D
686,B
687,B
688,C
689,A
690,D
691,D
692,B
693,B
694,C
695,A
696,B
697,A
698,A
699,A
700,B
701,A
702,B
703,A
704,D
705,C
706,B
707,A
708,C
709,C
710,C
711,C
712,D
713,C
714,B
715,B
716,D
717,C
718,D
719,D
720,A
721,B
722,D
723,D
724,B
725,D
726,D
727,D
728,C
729,A
730,A
731,C
732,D
733,C
734,D
735,A
736,B
737,B
738,C
739,A
740,A
741,C
742,B
743,D
744,A
745,D
746,B
747,D
748,A
749,A
750,D
751,A
752,C
753,D
754,B
755,A
756,A
757,A
758,D
759,C
760,B
761,A
762,C
763,B
764,D
765,B
766,B
767,D
768,A
769,A
770,D
771,D
772,A
773,A
774,C
775,B
776,D
777,A
778,C
779,D
780,D
781,D
782,D
783,C
784,B
785,A
786,A
787,D
788,B
789,D
790,C
791,A
792,A
793,B
794,B
795,D
796,A
797,D
798,A
799,B
800,C
801,C
802,A
803,B
804,C
805,C
806,B
807,C
808,D
809,D
810,D
811,A
812,D
813,D
814,B
815,D
816,B
817,C
818,C
819,C
820,C
821,D
822,D
823,C
824,D
825,B
826,D
827,D
828,C
829,C
830,A
831,B
832,C
833,D
834,B
835,B
836,C
837,B
838,A
839,D
840,D
841,C
842,A
843,B
844,D
845,A
846,D
847,D
848,D
849,A
850,B
851,C
852,D
853,B
854,A
855,A
856,C
857,D
858,D
859,D
860,A
861,A
862,D
863,A
864,A
865,A
866,A
867,A
868,A
869,B
870,A
871,D
872,C
873,A
874,C
875,B
876,B
877,A
878,A
879,B
880,A
881,A
882,A
883,C
884,A
885,C
886,A
887,B
888,D
889,B
890,C
891,D
892,C
893,C
894,B
895,A
896,D
897,D
898,D
899,D
900,D
901,B
902,C
903,A
904,B
905,B
906,D
907,C
908,C
909,C
910,B
911,C
912,D
913,C
914,D
915,B
916,D
917,A
918,D
919,C
920,B
921,B
922,C
923,A
924,D
925,C
926,D
927,B
928,D
929,A
930,A
931,A
932,C
933,B
934,D
935,A
936,D
937,B
938,C
939,A
940,D
941,A
942,B
943,C
944,C
945,B
946,D
947,A
948,A
949,C
950,A
951,D
952,A
953,D
954,C
955,B
956,D
957,B
958,C
959,C
960,C
961,B
962,C
963,B
964,C
965,C
966,B
967,B
968,C
969,B
970,D
971,B
972,B
973,C
974,A
975,B
976,C
977,B
978,D
979,A
980,B
981,A
982,C
983,B
984,D
985,A
986,C
987,C
988,A
989,D
990,C
991,B
992,C
993,D
994,C
995,D
996,C
997,C
998,C
999,C
1000,B
1001,B
1002,D
1003,D
1004,A
1005,D
1006,B
1007,C
1008,A
1009,B
1010,D
1011,B
1012,A
1013,D
1014,A
1015,C
1016,B
1017,D
1018,C
1019,C
1020,C
1021,A
1022,D
1023,C
1024,A
1025,D
1026,A
1027,C
1028,B
1029,B
1030,A
1031,D
1032,B
1033,B
1034,C
1035,A
1036,C
1037,D
1038,D
1039,A
1040,B
1041,C
1042,B
1043,D
1044,A
1045,D
1046,A
1047,D
1048,D
1049,C
1050,A
1051,D
1052,C
1053,A
1054,D
1055,B
1056,B
1057,A
1058,C
1059,D
1060,B
1061,B
1062,D
1063,B
1064,D
1065,D
1066,B
1067,B
1068,C
1069,D
1070,B
1071,A
1072,C
1073,C
1074,A
1075,D
1076,C
1077,A
1078,A
1079,D
1080,D
1081,B
1082,C
1083,A
1084,D
1085,D
1086,A
1087,A
1088,D
1089,A
1090,A
1091,B
1092,B
1093,B
1094,C
1095,B
1096,D
1097,D
1098,A
1099,B
1100,B
1101,A
1102,B
1103,D
1104,B
1105,D
1106,A
1107,C
1108,A
1109,B
1110,D
1111,D
1112,C
1113,B
1114,B
1115,B
1116,A
1117,B
1118,D
1119,A
1120,A
1121,D
1122,B
1123,A
1124,D
1125,C
1126,B
1127,C
1128,C
1129,C
1130,A
1131,C
1132,B
1133,D
1134,B
1135,B
1136,C
1137,D
1138,A
1139,B
1140,D
1141,A
1142,A
1143,C
1144,D
1145,C
1146,C
1147,A
1148,B
1149,A
1150,A
1151,A
1152,D
1153,A
1154,B
1155,A
1156,B
1157,C
1158,B
1159,B
1160,B
1161,B
1162,D
1163,D
1164,D
1165,C
1166,B
1167,B
1168,C
1169,C
1170,C
1171,D
1172,C
1173,C
1174,D
1175,C
1176,D
1177,D
1178,A
1179,A
1180,B
1181,C
1182,A
1183,B
1184,C
1185,A
1186,A
1187,C
1188,B
1189,B
1190,D
1191,B
1192,D
1193,C
1194,D
1195,D
1196,C
1197,A
1198,A
1199,D
1200,C
1201,D
1202,D
1203,B
1204,C
1205,C
1206,A
1207,D
1208,A
1209,B
1210,B
1211,D
1212,A
1213,D
1214,B
1215,B
1216,B
1217,C
1218,B
1219,C
1220,D
1221,D
1222,D
1223,A
1224,C
1225,D
1226,B
1227,C
1228,D
1229,C
1230,D
1231,A
1232,A
1233,C
1234,A
1235,D
1236,A
1237,A
1238,B
1239,B
1240,B
1241,C
1242,B
1243,D
1244,C
1245,C
1246,A
1247,C
1248,C
1249,D
1250,D
1251,D
1252,C
1253,C
1254,D
1255,B
1256,C
1257,A
1258,D
1259,D
1260,D
1261,C
1262,A
1263,D
1264,D
1265,A
1266,A
1267,B
1268,C
1269,C
1270,A
1271,B
1272,D
1273,D
1274,B
1275,B
1276,B
1277,A
1278,D
1279,C
1280,B
1281,D
1282,C
1283,C
1284,D
1285,D
1286,C
1287,C
1288,C
1289,A
1290,C
1291,C
1292,A
1293,D
1294,B
1295,B
1296,B
1297,C
1298,B
1299,C
1300,C
1301,D
1302,A
1303,C
1304,C
1305,C
1306,B
1307,B
1308,B
1309,D
1310,C
1311,B
1312,D
1313,A
1314,A
1315,D
1316,A
1317,C
1318,A
1319,C
1320,D
1321,D
1322,C
1323,D
1324,B
1325,B
1326,A
1327,C
1328,B
1329,B
1330,D
1331,D
1332,C
1333,C
1334,B
1335,A
1336,C
1337,D
1338,A
1339,B
1340,B
1341,B
1342,C
1343,D
1344,B
1345,B
1346,D
1347,C
1348,A
1349,C
1350,C
1351,D
1352,A
1353,D
1354,D
1355,D
1356,D
1357,C
1358,D
1359,D
1360,D
1361,B
1362,A
1363,B
1364,D
1365,D
1366,D
1367,D
1368,C
1369,A
1370,C
1371,B
1372,D
1373,D
1374,D
1375,B
1376,B
1377,D
1378,D
1379,B
1380,D
1381,D
1382,B
1383,C
1384,B
1385,B
1386,B
1387,B
1388,B
1389,A
1390,B
1391,B
1392,B
1393,D
1394,B
1395,A
1396,A
1397,B
1398,B
1399,B
1400,A
1401,D
1402,A
1403,C
1404,A
1405,D
1406,B
1407,A
1408,B
1409,C
1410,C
1411,B
1412,A
1413,B
1414,B
1415,D
1416,B
1417,D
1418,D
1419,A
1420,B
1421,D
1422,B
1423,C
1424,D
1425,B
1426,A
1427,D
1428,D
1429,D
1430,A
1431,A
1432,B
1433,A
1434,B
1435,D
1436,D
1437,B
1438,B
1439,C
1440,B
1441,D
1442,D
1443,D
1444,C
1445,A
1446,C
1447,D
1448,C
1449,A
1450,D
1451,D
1452,A
1453,C
1454,D
1455,A
1456,C
1457,C
1458,A
1459,C
1460,B
1461,D
1462,A
1463,D
1464,B
1465,C
1466,C
1467,D
1468,C
1469,B
1470,D
1471,D
1472,B
1473,C
1474,A
1475,A
1476,D
1477,A
1478,D
1479,C
1480,D
1481,D
1482,B
1483,C
1484,B
1485,D
1486,D
1487,C
1488,B
1489,C
1490,D
1491,D
1492,A
1493,A
1494,B
1495,D
1496,D
1497,C
1498,C
1499,D
1500,B
1501,B
1502,B
1503,B
1504,B
1505,D
1506,C
1507,B
1508,D
1509,B
1510,D
1511,B
1512,C
1513,B
1514,D
1515,B
1516,A
1517,C
1518,B
1519,C
1520,B
1521,A
1522,C
1523,C
1524,B
1525,C
1526,A
1527,A
1528,D
1529,D
1530,B
1531,A
1532,D
1533,A
1534,D
1535,D
1536,A
1537,C
1538,B
1539,C
1540,D
1541,B
1542,C
1543,C
1544,D
1545,C
1546,D
1547,A
1548,B
1549,A
1550,A
1551,D
1552,B
1553,A
1554,B
1555,D
1556,D
1557,C
1558,B
1559,C
1560,D
1561,A
1562,B
1563,A
1564,A
1565,C
1566,D
1567,D
1568,B
1569,C
1570,A
1571,C
1572,D
1573,C
1574,B
1575,C
1576,D
1577,B
1578,C
1579,A
1580,B
1581,A
1582,B
1583,C
1584,C
1585,C
1586,B
1587,D
1588,C
1589,D
1590,B
1591,D
1592,B
1593,A
1594,C
1595,B
1596,C
1597,A
1598,C
1599,A
1600,C
1601,B
1602,B
1603,A
1604,D
1605,A
1606,A
1607,B
1608,C
1609,C
1610,C
1611,B
1612,A
1613,A
1614,C
1615,B
1616,D
1617,B
1618,B
1619,A
1620,D
1621,A
1622,C
1623,D
1624,D
1625,C
1626,C
1627,C
1628,D
1629,D
1630,D
1631,D
1632,A
1633,D
1634,B
1635,B
1636,A
1637,B
1638,D
1639,A
1640,D
1641,D
1642,B
1643,B
1644,C
1645,D
1646,D
1647,B
1648,C
1649,A
1650,A
1651,C
1652,B
1653,B
1654,B
1655,A
1656,C
1657,B
1658,D
1659,C
1660,A
1661,D
1662,B
1663,D
1664,D
1665,B
1666,A
1667,C
1668,A
1669,D
1670,C
1671,A
1672,B
1673,A
1674,D
1675,D
1676,D
1677,A
1678,B
1679,C
1680,D
1681,C
1682,A
1683,B
1684,C
1685,A
1686,A
1687,A
1688,C
1689,B
1690,B
1691,A
1692,C
1693,B
1694,D
1695,B
1696,B
1697,B
1698,D
1699,A
1700,B
1701,D
1702,A
1703,B
1704,B
1705,B
1706,A
1707,A
1708,A
1709,B
1710,C
1711,B
1712,C
1713,C
1714,D
1715,C
1716,B
1717,D
1718,D
1719,B
1720,B
1721,C
1722,A
1723,A
1724,A
1725,C
1726,C
1727,C
1728,B
1729,B
1730,B
1731,B
1732,B
1733,A
1734,D
1735,B
1736,B
1737,B
1738,C
1739,B
1740,B
1741,A
1742,B
1743,D
1744,A
1745,C
1746,D
1747,A
1748,D
1749,B
1750,D
1751,B
1752,C
1753,D
1754,A
1755,D
1756,B
1757,A
1758,A
1759,A
1760,D
1761,D
1762,C
1763,A
1764,D
1765,B
1766,C
1767,D
1768,C
1769,B
1770,B
1771,D
1772,A
1773,B
1774,B
1775,A
1776,A
1777,B
1778,B
1779,A
1780,C
1781,D
1782,C
1783,A
1784,B
1785,D
1786,D
1787,C
1788,A
1789,D
1790,B
1791,A
1792,C
1793,B
1794,A
1795,B
1796,B
1797,C
1798,C
1799,C
1800,A
1801,A
1802,C
1803,B
1804,D
1805,C
1806,A
1807,A
1808,B
1809,B
1810,B
1811,D
1812,A
1813,B
1814,C
1815,D
1816,B
1817,B
1818,B
1819,D
1820,C
1821,D
1822,B
1823,C
1824,A
1825,A
1826,C
1827,C
1828,B
1829,C
1830,C
1831,C
1832,C
1833,C
1834,B
1835,C
1836,C
1837,A
1838,B
1839,D
1840,B
1841,B
1842,A
1843,C
1844,B
1845,D
1846,A
1847,A
1848,A
1849,B
1850,D
1851,A
1852,C
1853,C
1854,A
1855,B
1856,A
1857,B
1858,B
1859,C
1860,C
1861,A
1862,A
1863,A
1864,D
1865,D
1866,B
1867,B
1868,A
1869,C
1870,C
1871,A
1872,A
1873,A
1874,D
1875,D
1876,C
1877,D
1878,D
1879,C
1880,B
1881,C
1882,D
1883,C
1884,B
1885,D
1886,B
1887,B
1888,D
1889,D
1890,B
1891,C
1892,D
1893,A
1894,C
1895,D
1896,D
1897,A
1898,C
1899,B
1900,C
1901,A
1902,A
1903,C
1904,B
1905,B
1906,B
1907,B
1908,B
1909,B
1910,B
1911,C
1912,A
1913,D
1914,D
1915,B
1916,D
1917,C
1918,D
1919,D
1920,A
1921,C
1922,D
1923,C
1924,A
1925,B
1926,B
1927,C
1928,B
1929,C
1930,C
1931,D
1932,C
1933,B
1934,A
1935,C
1936,A
1937,D
1938,B
1939,A
1940,D
1941,B
1942,A
1943,C
1944,B
1945,D
1946,C
1947,D
1948,B
1949,A
1950,B
1951,A
1952,D
1953,D
1954,D
1955,C
1956,D
1957,B
1958,C
1959,D
1960,C
1961,B
1962,C
1963,A
1964,B
1965,A
1966,A
1967,A
1968,D
1969,C
1970,C
1971,A
1972,A
1973,B
1974,B
1975,D
1976,C
1977,B
1978,C
1979,B
1980,C
1981,B
1982,C
1983,C
1984,B
1985,A
1986,C
1987,A
1988,B
1989,C
1990,A
1991,D
1992,C
1993,D
1994,B
1995,B
1996,A
1997,D
1998,C
1999,D
2000,A
2001,C
2002,B
2003,C
2004,A
2005,C
2006,A
2007,A
2008,B
2009,B
2010,B
2011,C
2012,D
2013,C
2014,C
2015,B
2016,B
2017,C
2018,D
2019,A
2020,D
2021,A
2022,A
2023,D
2024,D
2025,C
2026,C
2027,B
2028,C
2029,D
2030,A
2031,D
2032,B
2033,A
2034,D
2035,D
2036,A
2037,D
2038,B
2039,B
2040,C
2041,D
2042,A
2043,B
2044,A
2045,D
2046,C
2047,D
2048,B
2049,D
2050,A
2051,C
2052,B
2053,C
2054,B
2055,A
2056,B
2057,C
2058,B
2059,B
2060,D
2061,D
2062,A
2063,C
2064,A
2065,C
2066,A
2067,C
2068,C
2069,D
2070,A
2071,C
2072,A
2073,A
2074,A
2075,C
2076,C
2077,C
2078,A
2079,D
2080,D
2081,B
2082,C
2083,A
2084,D
2085,B
2086,C
2087,B
2088,D
2089,D
2090,A
2091,B
2092,B
2093,D
2094,D
2095,C
2096,C
2097,C
2098,D
2099,C
2100,A
2101,C
2102,B
2103,C
2104,A
2105,B
2106,D
2107,C
2108,D
2109,B
2110,A
2111,A
2112,B
2113,C
2114,C
2115,C
2116,A
2117,C
2118,D
2119,A
2120,B
2121,B
2122,A
2123,A
2124,D
2125,B
2126,B
2127,C
2128,A
2129,A
2130,D
2131,B
2132,A
2133,D
2134,C
2135,C
2136,D
2137,D
2138,B
2139,A
2140,A
2141,A
2142,C
2143,D
2144,A
2145,B
2146,B
2147,A
2148,D
2149,A
2150,B
2151,D
2152,C
2153,B
2154,C
2155,D
2156,C
2157,A
2158,B
2159,B
2160,C
2161,B
2162,B
2163,A
2164,C
2165,C
2166,C
2167,B
2168,C
2169,A
2170,B
2171,A
2172,B
2173,C
2174,D
2175,D
2176,D
2177,A
2178,A
2179,C
2180,A
2181,B
2182,D
2183,B
2184,C
2185,D
2186,B
2187,A
2188,A
2189,D
2190,B
2191,D
2192,C
2193,C
2194,D
2195,A
2196,B
2197,A
2198,B
2199,D
2200,C
2201,A
2202,D
2203,C
2204,D
2205,A
2206,B
2207,B
2208,D
2209,A
2210,B
2211,C
2212,A
2213,C
2214,C
2215,D
2216,C
2217,A
2218,B
2219,B
2220,D
2221,B
2222,D
2223,A
2224,B
2225,D
2226,D
2227,A
2228,A
2229,C
2230,B
2231,B
2232,D
2233,A
2234,B
2235,B
2236,C
2237,B
2238,C
2239,B
2240,A
2241,D
2242,A
2243,D
2244,C
2245,A
2246,D
2247,B
2248,D
2249,B
2250,D
2251,A
2252,D
2253,B
2254,A
2255,A
2256,B
2257,C
2258,A
2259,C
2260,C
2261,C
2262,B
2263,D
2264,B
2265,C
2266,D
2267,D
2268,D
2269,A
2270,D
2271,D
2272,A
2273,B
2274,C
2275,A
2276,A
2277,C
2278,D
2279,B
2280,C
2281,C
2282,B
2283,B
2284,B
2285,D
2286,C
2287,A
2288,B
2289,B
2290,C
2291,B
2292,C
2293,C
2294,A
2295,B
2296,A
2297,C
2298,D
2299,C
2300,B
2301,A
2302,C
2303,C
2304,C
2305,C
2306,C
2307,C
2308,A
2309,B
2310,D
2311,A
2312,D
2313,D
2314,A
2315,A
2316,B
2317,A
2318,D
2319,C
2320,B
2321,D
2322,B
2323,A
2324,C
2325,A
2326,A
2327,A
2328,B
2329,C
2330,A
2331,C
2332,C
2333,B
2334,C
2335,A
2336,A
2337,C
2338,D
2339,C
2340,B
2341,B
2342,B
2343,B
2344,D
2345,C
2346,B
2347,A
2348,D
2349,D
2350,A
2351,B
2352,A
2353,B
2354,A
2355,A
2356,C
2357,C
2358,D
2359,C
2360,B
2361,B
2362,B
2363,B
2364,D
2365,A
2366,D
2367,D
2368,A
2369,A
2370,C
2371,A
2372,A
2373,C
2374,C
2375,D
2376,C
2377,B
2378,D
2379,C
2380,B
2381,B
2382,B
2383,B
2384,C
2385,C
2386,C
2387,D
2388,D
2389,C
2390,C
2391,D
2392,A
2393,A
2394,D
2395,D
2396,D
2397,C
2398,B
2399,B
2400,C
2401,B
2402,B
2403,B
2404,D
2405,A
2406,A
2407,D
2408,B
2409,B
2410,C
2411,C
2412,D
2413,A
2414,B
2415,A
2416,D
2417,D
2418,A
2419,D
2420,B
2421,B
2422,D
2423,A
2424,A
2425,D
2426,B
2427,B
2428,A
2429,D
2430,D
2431,D
2432,B
2433,B
2434,D
2435,A
2436,A
2437,D
2438,B
2439,D
2440,C
2441,B
2442,A
2443,B
2444,A
2445,A
2446,A
2447,B
2448,A
2449,D
2450,B
2451,D
2452,B
2453,B
2454,D
2455,C
2456,B
2457,A
2458,C
2459,D
2460,B
2461,D
2462,D
2463,D
2464,C
2465,A
2466,A
2467,C
2468,A
2469,D
2470,B
2471,B
2472,B
2473,B
2474,D
2475,B
2476,D
2477,D
2478,D
2479,B
2480,A
2481,C
2482,A
2483,D
2484,C
2485,B
2486,D
2487,D
2488,B
2489,C
2490,B
2491,C
2492,C
2493,A
2494,B
2495,D
2496,B
2497,A
2498,C
2499,D
2500,A
2501,B
2502,C
2503,D
2504,D
2505,C
2506,A
2507,B
2508,B
2509,B
2510,D
2511,C
2512,D
2513,A
2514,B
2515,B
2516,D
2517,D
2518,B
2519,A
2520,B
2521,D
2522,D
2523,C
2524,B
2525,B
2526,A
2527,D
2528,A
2529,A
2530,A
2531,D
2532,C
2533,C
2534,A
2535,D
2536,D
2537,D
2538,A
2539,C
2540,B
2541,A
2542,C
2543,C
2544,B
2545,A
2546,A
2547,A
2548,C
2549,C
2550,D
2551,C
2552,D
2553,D
2554,B
2555,C
2556,B
2557,A
2558,C
2559,D
2560,D
2561,C
2562,D
2563,D
2564,B
2565,D
2566,D
2567,B
2568,D
2569,B
2570,D
2571,D
2572,C
2573,B
2574,A
2575,C
2576,A
2577,A
2578,C
2579,C
2580,C
2581,A
2582,A
2583,A
2584,B
2585,A
2586,C
2587,A
2588,D
2589,A
2590,C
2591,D
2592,C
2593,B
2594,B
2595,A
2596,D
2597,D
2598,B
2599,A
2600,D
2601,C
2602,B
2603,D
2604,C
2605,B
2606,B
2607,D
2608,C
2609,A
2610,D
2611,C
2612,A
2613,D
2614,C
2615,B
2616,B
2617,A
2618,B
2619,B
2620,B
2621,D
2622,B
2623,D
2624,D
2625,A
2626,B
2627,D
2628,B
2629,C
2630,C
2631,A
2632,C
2633,C
2634,C
2635,A
2636,A
2637,B
2638,D
2639,A
2640,B
2641,A
2642,A
2643,B
2644,C
2645,D
2646,A
2647,D
2648,C
2649,D
2650,D
2651,C
2652,C
2653,C
2654,B
2655,A
2656,A
2657,B
2658,A
2659,C
2660,D
2661,C
2662,A
2663,D
2664,B
2665,B
2666,C
2667,B
2668,A
2669,D
2670,A
2671,D
2672,B
2673,C
2674,C
2675,C
2676,A
2677,A
2678,B
2679,C
2680,A
2681,C
2682,D
2683,B
2684,D
2685,A
2686,D
2687,B
2688,C
2689,B
2690,B
2691,A
2692,C
2693,C
2694,C
2695,A
2696,C
2697,C
2698,C
2699,D
2700,D
2701,C
2702,D
2703,D
2704,C
2705,B
2706,B
2707,A
2708,A
2709,A
2710,C
2711,B
2712,B
2713,D
2714,D
2715,D
2716,C
2717,A
2718,D
2719,A
2720,B
2721,A
2722,B
2723,D
2724,A
2725,B
2726,B
2727,B
2728,A
2729,D
2730,A
2731,A
2732,C
2733,D
2734,C
2735,C
2736,A
2737,A
2738,D
2739,D
2740,A
2741,A
2742,B
2743,C
2744,C
2745,D
2746,D
2747,A
2748,D
2749,D
2750,C
2751,A
2752,A
2753,B
2754,D
2755,B
2756,D
2757,D
2758,A
2759,D
2760,D
2761,B
2762,D
2763,A
2764,C
2765,C
2766,D
2767,B
2768,B
2769,B
2770,C
2771,B
2772,C
2773,A
2774,B
2775,B
2776,C
2777,C
2778,B
2779,D
2780,B
2781,A
2782,C
2783,A
2784,D
2785,A
2786,A
2787,B
2788,B
2789,A
2790,B
2791,D
2792,C
2793,C
2794,D
2795,C
2796,C
2797,A
2798,A
2799,A
2800,C
2801,A
2802,C
2803,A
2804,B
2805,A
2806,B
2807,A
2808,C
2809,A
2810,A
2811,A
2812,A
2813,B
2814,D
2815,C
2816,C
2817,D
2818,D
2819,B
2820,B
2821,B
2822,D
2823,A
2824,C
2825,B
2826,C
2827,C
2828,D
2829,B
2830,D
2831,A
2832,B
2833,B
2834,D
2835,D
2836,A
2837,C
2838,D
2839,C
2840,B
2841,D
2842,C
2843,A
2844,A
2845,A
2846,B
2847,B
2848,C
2849,B
2850,B
2851,A
2852,D
2853,C
2854,D
2855,B
2856,A
2857,C
2858,D
2859,C
2860,A
2861,C
2862,D
2863,A
2864,A
2865,D
2866,D
2867,B
2868,C
2869,A
2870,C
2871,B
2872,B
2873,B
2874,B
2875,C
2876,B
2877,C
2878,A
2879,C
2880,B
2881,B
2882,B
2883,C
2884,B
2885,C
2886,B
2887,A
2888,D
2889,A
2890,C
2891,A
2892,C
2893,A
2894,D
2895,C
2896,D
2897,B
2898,A
2899,A
2900,D
2901,A
2902,D
2903,C
2904,B
2905,A
2906,B
2907,C
2908,A
2909,A
2910,D
2911,D
2912,B
2913,D
2914,C
2915,D
2916,D
2917,D
2918,D
2919,D
2920,B
2921,B
2922,A
2923,C
2924,B
2925,D
2926,B
2927,C
2928,C
2929,C
2930,A
2931,D
2932,A
2933,C
2934,D
2935,B
2936,B
2937,A
2938,C
2939,C
2940,C
2941,D
2942,B
2943,B
2944,A
2945,A
2946,D
2947,A
2948,A
2949,D
2950,D
2951,D
2952,B
2953,C
2954,C
2955,B
2956,D
2957,A
2958,A
2959,D
2960,C
2961,B
2962,A
2963,A
2964,A
2965,A
2966,D
2967,D
2968,D
2969,C
2970,D
2971,B
2972,C
2973,D
2974,D
2975,A
2976,D
2977,A
2978,D
2979,C
2980,A
2981,B
2982,B
2983,B
2984,C
2985,B
2986,D
2987,D
2988,A
2989,D
2990,C
2991,D
2992,D
2993,C
2994,C
2995,A
2996,A
2997,D
2998,B
2999,A
3000,D
3001,C
3002,B
3003,A
3004,C
3005,C
3006,D
3007,D
3008,D
3009,A
3010,D
3011,A
3012,A
3013,D
3014,B
3015,B
3016,C
3017,A
3018,A
3019,A
3020,D
3021,A
3022,B
3023,B
3024,A
3025,D
3026,B
3027,A
3028,D
3029,B
3030,D
3031,C
3032,B
3033,D
3034,D
3035,B
3036,D
3037,C
3038,D
3039,B
3040,A
3041,A
3042,A
3043,D
3044,B
3045,D
3046,C
3047,A
3048,C
3049,C
3050,B
3051,C
3052,C
3053,A
3054,B
3055,D
3056,C
3057,A
3058,D
3059,B
3060,D
3061,C
3062,B
3063,B
3064,A
3065,C
3066,A
3067,D
3068,A
3069,D
3070,B
3071,C
3072,C
3073,D
3074,B
3075,D
3076,A
3077,A
3078,D
3079,B
3080,C
3081,A
3082,C
3083,B
3084,B
3085,D
3086,A
3087,D
3088,B
3089,A
3090,C
3091,D
3092,C
3093,B
3094,B
3095,B
3096,B
3097,D
3098,D
3099,B
3100,C
3101,D
3102,D
3103,B
3104,A
3105,B
3106,A
3107,D
3108,B
3109,A
3110,C
3111,D
3112,C
3113,C
3114,B
3115,D
3116,C
3117,B
3118,C
3119,A
3120,D
3121,B
3122,C
3123,A
3124,A
3125,B
3126,D
3127,A
3128,D
3129,D
3130,A
3131,D
3132,D
3133,B
3134,C
3135,A
3136,D
3137,D
3138,D
3139,D
3140,D
3141,B
3142,D
3143,A
3144,C
3145,D
3146,B
3147,C
3148,B
3149,C
3150,B
3151,D
3152,C
3153,C
3154,A
3155,D
3156,B
3157,A
3158,B
3159,D
3160,C
3161,B
3162,A
3163,A
3164,D
3165,D
3166,C
3167,A
3168,D
3169,C
3170,C
3171,A
3172,C
3173,B
3174,C
3175,D
3176,B
3177,A
3178,D
3179,B
3180,C
3181,A
3182,C
3183,B
3184,A
3185,A
3186,B
3187,C
3188,A
3189,C
3190,D
3191,D
3192,C
3193,A
3194,B
3195,D
3196,A
3197,D
3198,D
3199,C
3200,C
3201,B
3202,D
3203,C
3204,C
3205,C
3206,A
3207,B
3208,D
3209,C
3210,A
3211,C
3212,A
3213,D
3214,B
3215,C
3216,B
3217,C
3218,B
3219,D
3220,D
3221,B
3222,A
3223,B
3224,A
3225,A
3226,A
3227,B
3228,A
3229,B
3230,C
3231,A
3232,B
3233,B
3234,D
3235,D
3236,B
3237,A
3238,B
3239,B
3240,D
3241,A
3242,D
3243,A
3244,D
3245,D
3246,B
3247,D
3248,C
3249,D
3250,A
3251,C
3252,B
3253,A
3254,B
3255,C
3256,A
3257,A
3258,D
3259,B
3260,B
3261,D
3262,B
3263,B
3264,B
3265,B
3266,B
3267,B
3268,D
3269,C
3270,C
3271,A
3272,B
3273,B
3274,D
3275,C
3276,D
3277,C
3278,C
3279,B
3280,D
3281,C
3282,A
3283,C
3284,C
3285,A
3286,D
3287,C
3288,C
3289,C
3290,B
3291,C
3292,A
3293,A
3294,C
3295,D
3296,B
3297,B
3298,C
3299,D
3300,C
3301,B
3302,D
3303,D
3304,A
3305,B
3306,B
3307,A
3308,C
3309,A
3310,D
3311,C
3312,B
3313,D
3314,B
3315,D
3316,A
3317,A
3318,A
3319,D
3320,C
3321,B
3322,D
3323,A
3324,C
3325,B
3326,C
3327,D
3328,C
3329,A
3330,D
3331,C
3332,C
3333,C
3334,B
3335,C
3336,D
3337,B
3338,D
3339,A
3340,C
3341,B
3342,D
3343,B
3344,D
3345,D
3346,A
3347,A
3348,B
3349,A
3350,B
3351,A
3352,A
3353,D
3354,D
3355,A
3356,C
3357,C
3358,A
3359,D
3360,B
3361,B
3362,A
3363,D
3364,D
3365,A
3366,D
3367,C
3368,B
3369,D
3370,C
3371,C
3372,A
3373,B
3374,A
3375,C
3376,C
3377,A
3378,A
3379,B
3380,D
3381,C
3382,D
3383,A
3384,B
3385,A
3386,A
3387,C
3388,C
3389,B
3390,C
3391,B
3392,C
3393,C
3394,D
3395,C
3396,A
3397,C
3398,B
3399,B
3400,C
3401,D
3402,D
3403,B
3404,C
3405,D
3406,D
3407,D
3408,C
3409,A
3410,D
3411,C
3412,C
3413,B
3414,D
3415,B
3416,B
3417,C
3418,C
3419,C
3420,C
3421,C
3422,D
3423,B
3424,B
3425,A
3426,B
3427,A
3428,A
3429,D
3430,D
3431,B
3432,A
3433,C
3434,C
3435,B
3436,A
3437,A
3438,C
3439,B
3440,A
3441,D
3442,D
3443,D
3444,B
3445,C
3446,A
3447,A
3448,C
3449,C
3450,D
3451,C
3452,A
3453,A
3454,D
3455,C
3456,D
3457,D
3458,B
3459,A
3460,B
3461,A
3462,A
3463,A
3464,C
3465,B
3466,B
3467,C
3468,A
3469,B
3470,A
3471,D
3472,B
3473,C
3474,D
3475,B
3476,C
3477,C
3478,B
3479,A
3480,A
3481,A
3482,A
3483,A
3484,D
3485,B
3486,A
3487,B
3488,C
3489,D
3490,A
3491,B
3492,D
3493,C
3494,D
3495,A
3496,B
3497,C
3498,B
3499,D
3500,D
3501,C
3502,C
3503,A
3504,A
3505,A
3506,D
3507,A
3508,B
3509,C
3510,A
3511,C
3512,C
3513,C
3514,B
3515,C
3516,A
3517,A
3518,D
3519,D
3520,D
3521,D
3522,C
3523,D
3524,D
3525,C
3526,A
3527,A
3528,D
3529,A
3530,B
3531,A
3532,D
3533,B
3534,C
3535,A
3536,A
3537,B
3538,D
3539,C
3540,C
3541,A
3542,B
3543,A
3544,B
3545,B
3546,B
3547,D
3548,A
3549,D
3550,A
3551,D
3552,B
3553,D
3554,D
3555,B
3556,B
3557,D
3558,B
3559,D
3560,A
3561,C
3562,C
3563,C
3564,D
3565,C
3566,D
3567,B
3568,C
3569,B
3570,B
3571,B
3572,B
3573,D
3574,B
3575,C
3576,D
3577,C
3578,C
3579,C
3580,C
3581,A
3582,C
3583,D
3584,D
3585,C
3586,C
3587,C
3588,B
3589,D
3590,A
3591,D
3592,A
3593,B
3594,A
3595,D
3596,A
3597,C
3598,A
3599,D
3600,D
3601,D
3602,A
3603,B
3604,C
3605,C
3606,D
3607,A
3608,D
3609,D
3610,B
3611,B
3612,D
3613,A
3614,B
3615,C
3616,D
3617,B
3618,C
3619,C
3620,D
3621,A
3622,D
3623,A
3624,A
3625,C
3626,A
3627,C
3628,A
3629,D
3630,C
3631,A
3632,B
3633,A
3634,C
3635,B
3636,C
3637,C
3638,B
3639,B
3640,A
3641,B
3642,D
3643,D
3644,D
3645,C
3646,C
3647,C
3648,C
3649,D
3650,D
3651,B
3652,A
3653,B
3654,A
3655,B
3656,B
3657,C
3658,C
3659,B
3660,D
3661,D
3662,D
3663,D
3664,D
3665,A
3666,A
3667,C
3668,B
3669,D
3670,A
3671,A
3672,B
3673,D
3674,B
3675,C
3676,B
3677,B
3678,D
3679,A
3680,C
3681,B
3682,B
3683,B
3684,B
3685,B
3686,C
3687,A
3688,D
3689,A
3690,A
3691,C
3692,D
3693,C
3694,C
3695,B
3696,B
3697,D
3698,C
3699,D
3700,B
3701,B
3702,B
3703,B
3704,C
3705,B
3706,D
3707,A
3708,A
3709,B
3710,D
3711,B
3712,A
3713,D
3714,D
3715,A
3716,B
3717,B
3718,D
3719,A
3720,B
3721,C
3722,D
3723,B
3724,B
3725,B
3726,D
3727,B
3728,C
3729,A
3730,C
3731,B
3732,A
3733,B
3734,A
3735,D
3736,D
3737,D
3738,C
3739,A
3740,A
3741,D
3742,B
3743,C
3744,A
3745,C
3746,A
3747,D
3748,B
3749,C
3750,D
3751,C
3752,D
3753,A
3754,C
3755,B
3756,B
3757,B
3758,D
3759,B
3760,D
3761,A
3762,A
3763,C
3764,B
3765,B
3766,D
3767,D
3768,C
3769,B
3770,B
3771,B
3772,A
3773,A
3774,A
3775,C
3776,C
3777,B
3778,D
3779,C
3780,A
3781,D
3782,C
3783,C
3784,A
3785,A
3786,D
3787,A
3788,C
3789,A
3790,B
3791,D
3792,D
3793,A
3794,C
3795,A
3796,A
3797,C
3798,B
3799,B
3800,A
3801,B
3802,A
3803,C
3804,C
3805,A
3806,D
3807,B
3808,B
3809,D
3810,D
3811,C
3812,D
3813,B
3814,B
3815,D
3816,A
3817,D
3818,B
3819,A
3820,A
3821,B
3822,B
3823,B
3824,C
3825,C
3826,B
3827,B
3828,B
3829,D
3830,A
3831,C
3832,B
3833,D
3834,C
3835,A
3836,D
3837,C
3838,C
3839,B
3840,D
3841,C
3842,B
3843,D
3844,B
3845,C
3846,C
3847,D
3848,D
3849,B
3850,D
3851,C
3852,B
3853,B
3854,B
3855,D
3856,C
3857,C
3858,C
3859,B
3860,B
3861,D
3862,A
3863,C
3864,B
3865,C
3866,C
3867,A
3868,B
3869,D
3870,C
3871,C
3872,C
3873,C
3874,B
3875,C
3876,A
3877,C
3878,A
3879,C
3880,D
3881,C
3882,D
3883,B
3884,A
3885,C
3886,A
3887,A
3888,D
3889,C
3890,D
3891,C
3892,D
3893,A
3894,A
3895,C
3896,D
3897,A
3898,A
3899,D
3900,D
3901,A
3902,D
3903,A
3904,A
3905,C
3906,C
3907,A
3908,D
3909,D
3910,B
3911,D
3912,B
3913,A
3914,B
3915,B
3916,A
3917,C
3918,D
3919,B
3920,C
3921,A
3922,D
3923,D
3924,B
3925,D
3926,A
3927,C
3928,B
3929,A
3930,A
3931,C
3932,D
3933,D
3934,D
3935,C
3936,A
3937,C
3938,A
3939,A
3940,D
3941,A
3942,C
3943,C
3944,B
3945,C
3946,C
3947,D
3948,D
3949,C
3950,C
3951,D
3952,A
3953,B
3954,B
3955,A
3956,A
3957,C
3958,D
3959,A
3960,D
3961,B
3962,A
3963,C
3964,B
3965,D
3966,A
3967,A
3968,D
3969,A
3970,B
3971,D
3972,A
3973,D
3974,D
3975,C
3976,D
3977,C
3978,D
3979,A
3980,A
3981,C
3982,D
3983,C
3984,D
3985,C
3986,D
3987,B
3988,A
3989,D
3990,D
3991,D
3992,B
3993,A
3994,C
3995,D
3996,B
3997,A
3998,A
3999,A
4000,C
4001,D
4002,C
4003,C
4004,C
4005,D
4006,D
4007,B
4008,B
4009,B
4010,B
4011,C
4012,B
4013,B
4014,A
4015,B
4016,B
4017,D
4018,B
4019,D
4020,C
4021,B
4022,B
4023,B
4024,C
4025,C
4026,D
4027,A
4028,C
4029,C
4030,C
4031,A
4032,C
4033,B
4034,A
4035,D
4036,D
4037,D
4038,C
4039,D
4040,D
4041,D
4042,B
4043,B
4044,B
4045,D
4046,C
4047,B
4048,A
4049,B
4050,B
4051,D
4052,C
4053,D
4054,B
4055,B
4056,C
4057,B
4058,B
4059,B
4060,C
4061,C
4062,D
4063,D
4064,C
4065,C
4066,C
4067,D
4068,D
4069,A
4070,A
4071,A
4072,C
4073,C
4074,C
4075,B
4076,C
4077,D
4078,C
4079,D
4080,B
4081,C
4082,A
4083,A
4084,B
4085,D
4086,C
4087,B
4088,D
4089,B
4090,D
4091,B
4092,C
4093,C
4094,B
4095,C
4096,A
4097,A
4098,D
4099,C
4100,C
4101,B
4102,C
4103,C
4104,D
4105,C
4106,D
4107,C
4108,B
4109,B
4110,B
4111,A
4112,B
4113,C
4114,C
4115,B
4116,C
4117,C
4118,A
4119,D
4120,A
4121,B
4122,C
4123,D
4124,A
4125,C
4126,A
4127,C
4128,B
4129,C
4130,D
4131,A
4132,A
4133,B
4134,C
4135,B
4136,B
4137,A
4138,C
4139,C
4140,D
4141,D
4142,D
4143,D
4144,B
4145,D
4146,B
4147,B
4148,C
4149,A
4150,D
4151,A
4152,D
4153,B
4154,D
4155,C
4156,D
4157,B
4158,C
4159,D
4160,B
4161,D
4162,C
4163,D
4164,C
4165,B
4166,C
4167,A
4168,B
4169,C
4170,B
4171,D
4172,C
4173,C
4174,D
4175,B
4176,C
4177,A
4178,C
4179,B
4180,C
4181,D
4182,A
4183,C
4184,B
4185,B
4186,C
4187,C
4188,C
4189,C
4190,C
4191,B
4192,C
4193,B
4194,B
4195,A
4196,D
4197,B
4198,C
4199,B
4200,D
4201,D
4202,C
4203,D
4204,B
4205,C
4206,D
4207,B
4208,C
4209,B
4210,A
4211,D
4212,D
4213,C
4214,B
4215,C
4216,D
4217,C
4218,C
4219,D
4220,C
4221,A
4222,C
4223,B
4224,C
4225,B
4226,C
4227,C
4228,B
4229,A
4230,B
4231,B
4232,C
4233,B
4234,A
4235,D
4236,D
4237,A
4238,A
4239,C
4240,B
4241,A
4242,A
4243,C
4244,C
4245,C
4246,C
4247,B
4248,C
4249,A
4250,C
4251,D
4252,D
4253,C
4254,D
4255,A
4256,C
4257,B
4258,C
4259,D
4260,C
4261,D
4262,D
4263,C
4264,D
4265,A
4266,B
4267,B
4268,D
4269,D
4270,D
4271,D
4272,D
4273,C
4274,C
4275,B
4276,C
4277,D
4278,D
4279,A
4280,C
4281,D
4282,D
4283,B
4284,C
4285,A
4286,C
4287,C
4288,A
4289,D
4290,D
4291,A
4292,C
4293,A
4294,B
4295,B
4296,B
4297,D
4298,D
4299,A
4300,B
4301,B
4302,D
4303,C
4304,B
4305,C
4306,D
4307,D
4308,C
4309,C
4310,A
4311,D
4312,C
4313,B
4314,B
4315,A
4316,B
4317,C
4318,D
4319,B
4320,C
4321,A
4322,B
4323,B
4324,C
4325,D
4326,C
4327,C
4328,C
4329,D
4330,B
4331,D
4332,B
4333,B
4334,D
4335,D
4336,B
4337,A
4338,D
4339,B
4340,A
4341,D
4342,A
4343,B
4344,A
4345,B
4346,C
4347,D
4348,C
4349,D
4350,B
4351,C
4352,D
4353,C
4354,B
4355,C
4356,B
4357,D
4358,C
4359,B
4360,B
4361,B
4362,C
4363,C
4364,B
4365,A
4366,D
4367,B
4368,C
4369,B
4370,B
4371,C
4372,C
4373,B
4374,C
4375,A
4376,D
4377,C
4378,C
4379,B
4380,D
4381,B
4382,B
4383,A
4384,A
4385,D
4386,C
4387,A
4388,D
4389,C
4390,B
4391,C
4392,B
4393,A
4394,C
4395,A
4396,A
4397,C
4398,C
4399,D
4400,C
4401,C
4402,A
4403,D
4404,B
4405,B
4406,B
4407,B
4408,C
4409,D
4410,C
4411,D
4412,B
4413,D
4414,C
4415,B
4416,B
4417,B
